var_key,sel_group,frequency,color_idx
CropsAndStaples__rice_usd_cwt_96_12_12_10events,middle,daily,0
arts__food_wine_festivals_96_12_4_10events,middle,weekly,1
climate__endangered_species_96_12_4_10events,middle,weekly,2
climate__sustainable_fashion_96_12_4_10events,worst,weekly,3
economy__cost_of_living_96_12_4_10events,worst,weekly,4
electronic_technology__drones_96_12_4_10events,best,weekly,5
finance__financial_regulation_96_12_4_10events,worst,weekly,6
pets__animal_welfare_96_12_4_10events,worst,weekly,7
pets__biodiversity_96_12_4_10events,middle,weekly,8
public_health__climate_change_96_12_4_10events,best,weekly,9
public_health__hiv_aids_96_12_4_10events,middle,weekly,10
public_health__obesity_96_12_4_10events,worst,weekly,11
public_policy__national_debt_96_12_4_10events,middle,weekly,12
science__earthquake_96_12_4_10events,best,weekly,13
science__nobel_prize_96_12_4_10events,worst,weekly,14
shopping__air_conditioner_96_12_4_10events,best,weekly,15
shopping__back_to_school_96_12_4_10events,best,weekly,16
traffic__tour_de_france_96_12_4_10events,best,weekly,17
