rank_composite,rank_mse,rank_mae,var_key,domain,sel_group,frequency,p,std_mse_P1,std_mae_P1,n_test
1,1,1,traffic__tour_de_france_96_12_4_10events,traffic,best,weekly,1,0.009757389279950316,0.0565184886643476,6
2,2,2,electronic_technology__drones_96_12_4_10events,electronic_technology,best,weekly,1,0.014645513684180675,0.09171515236223103,6
3,4,3,shopping__air_conditioner_96_12_4_10events,shopping,best,weekly,1,0.0892691153617476,0.1944530586644193,6
4,3,5,science__earthquake_96_12_4_10events,science,best,weekly,1,0.07517335808523279,0.24036012950787256,6
5,6,4,shopping__back_to_school_96_12_4_10events,shopping,best,weekly,1,0.11456403800883935,0.21045720877024568,6
6,5,6,public_health__climate_change_96_12_4_10events,public_health,best,weekly,1,0.09767526031359758,0.254208740367574,6
93,73,109,public_policy__national_debt_96_12_4_10events,public_policy,middle,weekly,1,1.2314265275303071,0.9475607827340138,6
94,101,85,climate__endangered_species_96_12_4_10events,climate,middle,weekly,1,1.6553957322381778,0.8159979957882443,6
95,87,100,CropsAndStaples__rice_usd_cwt_96_12_12_10events,CropsAndStaples,middle,daily,1,1.4136117397204324,0.89178208389025,17
96,79,108,pets__biodiversity_96_12_4_10events,pets,middle,weekly,1,1.342948242255977,0.9318830421582286,6
97,75,113,arts__food_wine_festivals_96_12_4_10events,arts,middle,weekly,1,1.2402009579100237,0.9832877982604465,4
98,82,107,public_health__hiv_aids_96_12_4_10events,public_health,middle,weekly,1,1.367896690892586,0.9246449409531493,6
185,182,187,finance__financial_regulation_96_12_4_10events,finance,worst,weekly,1,10.787604114749533,2.595873837320749,6
186,181,189,economy__cost_of_living_96_12_4_10events,economy,worst,weekly,1,10.120676482851707,2.681004230070847,6
187,184,186,public_health__obesity_96_12_4_10events,public_health,worst,weekly,1,11.78662246164918,2.437492843059602,6
188,185,188,pets__animal_welfare_96_12_4_10events,pets,worst,weekly,1,12.089373461663415,2.6069099571255605,6
189,190,185,science__nobel_prize_96_12_4_10events,science,worst,weekly,1,57.72898003695292,2.3592538645589762,6
190,189,190,climate__sustainable_fashion_96_12_4_10events,climate,worst,weekly,1,47.8731098336489,4.296275860244876,6
