var_key,sel_group,frequency,sample_id
traffic__tour_de_france_96_12_4_10events,best,weekly,traffic__tour_de_france_96_12_4_10events__20250803T000000
traffic__tour_de_france_96_12_4_10events,best,weekly,traffic__tour_de_france_96_12_4_10events__20250831T000000
traffic__tour_de_france_96_12_4_10events,best,weekly,traffic__tour_de_france_96_12_4_10events__20250928T000000
traffic__tour_de_france_96_12_4_10events,best,weekly,traffic__tour_de_france_96_12_4_10events__20251026T000000
traffic__tour_de_france_96_12_4_10events,best,weekly,traffic__tour_de_france_96_12_4_10events__20251123T000000
traffic__tour_de_france_96_12_4_10events,best,weekly,traffic__tour_de_france_96_12_4_10events__20251221T000000
electronic_technology__drones_96_12_4_10events,best,weekly,electronic_technology__drones_96_12_4_10events__20250803T000000
electronic_technology__drones_96_12_4_10events,best,weekly,electronic_technology__drones_96_12_4_10events__20250831T000000
electronic_technology__drones_96_12_4_10events,best,weekly,electronic_technology__drones_96_12_4_10events__20250928T000000
electronic_technology__drones_96_12_4_10events,best,weekly,electronic_technology__drones_96_12_4_10events__20251026T000000
electronic_technology__drones_96_12_4_10events,best,weekly,electronic_technology__drones_96_12_4_10events__20251123T000000
electronic_technology__drones_96_12_4_10events,best,weekly,electronic_technology__drones_96_12_4_10events__20251221T000000
shopping__air_conditioner_96_12_4_10events,best,weekly,shopping__air_conditioner_96_12_4_10events__20250803T000000
shopping__air_conditioner_96_12_4_10events,best,weekly,shopping__air_conditioner_96_12_4_10events__20250831T000000
shopping__air_conditioner_96_12_4_10events,best,weekly,shopping__air_conditioner_96_12_4_10events__20250928T000000
shopping__air_conditioner_96_12_4_10events,best,weekly,shopping__air_conditioner_96_12_4_10events__20251026T000000
shopping__air_conditioner_96_12_4_10events,best,weekly,shopping__air_conditioner_96_12_4_10events__20251123T000000
shopping__air_conditioner_96_12_4_10events,best,weekly,shopping__air_conditioner_96_12_4_10events__20251221T000000
science__earthquake_96_12_4_10events,best,weekly,science__earthquake_96_12_4_10events__20250803T000000
science__earthquake_96_12_4_10events,best,weekly,science__earthquake_96_12_4_10events__20250831T000000
science__earthquake_96_12_4_10events,best,weekly,science__earthquake_96_12_4_10events__20250928T000000
science__earthquake_96_12_4_10events,best,weekly,science__earthquake_96_12_4_10events__20251026T000000
science__earthquake_96_12_4_10events,best,weekly,science__earthquake_96_12_4_10events__20251123T000000
science__earthquake_96_12_4_10events,best,weekly,science__earthquake_96_12_4_10events__20251221T000000
shopping__back_to_school_96_12_4_10events,best,weekly,shopping__back_to_school_96_12_4_10events__20250803T000000
shopping__back_to_school_96_12_4_10events,best,weekly,shopping__back_to_school_96_12_4_10events__20250831T000000
shopping__back_to_school_96_12_4_10events,best,weekly,shopping__back_to_school_96_12_4_10events__20250928T000000
shopping__back_to_school_96_12_4_10events,best,weekly,shopping__back_to_school_96_12_4_10events__20251026T000000
shopping__back_to_school_96_12_4_10events,best,weekly,shopping__back_to_school_96_12_4_10events__20251123T000000
shopping__back_to_school_96_12_4_10events,best,weekly,shopping__back_to_school_96_12_4_10events__20251221T000000
public_health__climate_change_96_12_4_10events,best,weekly,public_health__climate_change_96_12_4_10events__20250803T000000
public_health__climate_change_96_12_4_10events,best,weekly,public_health__climate_change_96_12_4_10events__20250831T000000
public_health__climate_change_96_12_4_10events,best,weekly,public_health__climate_change_96_12_4_10events__20250928T000000
public_health__climate_change_96_12_4_10events,best,weekly,public_health__climate_change_96_12_4_10events__20251026T000000
public_health__climate_change_96_12_4_10events,best,weekly,public_health__climate_change_96_12_4_10events__20251123T000000
public_health__climate_change_96_12_4_10events,best,weekly,public_health__climate_change_96_12_4_10events__20251221T000000
public_policy__national_debt_96_12_4_10events,middle,weekly,public_policy__national_debt_96_12_4_10events__20250803T000000
public_policy__national_debt_96_12_4_10events,middle,weekly,public_policy__national_debt_96_12_4_10events__20250831T000000
public_policy__national_debt_96_12_4_10events,middle,weekly,public_policy__national_debt_96_12_4_10events__20250928T000000
public_policy__national_debt_96_12_4_10events,middle,weekly,public_policy__national_debt_96_12_4_10events__20251026T000000
public_policy__national_debt_96_12_4_10events,middle,weekly,public_policy__national_debt_96_12_4_10events__20251123T000000
public_policy__national_debt_96_12_4_10events,middle,weekly,public_policy__national_debt_96_12_4_10events__20251221T000000
climate__endangered_species_96_12_4_10events,middle,weekly,climate__endangered_species_96_12_4_10events__20250803T000000
climate__endangered_species_96_12_4_10events,middle,weekly,climate__endangered_species_96_12_4_10events__20250831T000000
climate__endangered_species_96_12_4_10events,middle,weekly,climate__endangered_species_96_12_4_10events__20250928T000000
climate__endangered_species_96_12_4_10events,middle,weekly,climate__endangered_species_96_12_4_10events__20251026T000000
climate__endangered_species_96_12_4_10events,middle,weekly,climate__endangered_species_96_12_4_10events__20251123T000000
climate__endangered_species_96_12_4_10events,middle,weekly,climate__endangered_species_96_12_4_10events__20251221T000000
CropsAndStaples__rice_usd_cwt_96_12_12_10events,middle,daily,CropsAndStaples__rice_usd_cwt_96_12_12_10events__20250611T000000
CropsAndStaples__rice_usd_cwt_96_12_12_10events,middle,daily,CropsAndStaples__rice_usd_cwt_96_12_12_10events__20250630T000000
CropsAndStaples__rice_usd_cwt_96_12_12_10events,middle,daily,CropsAndStaples__rice_usd_cwt_96_12_12_10events__20250717T000000
CropsAndStaples__rice_usd_cwt_96_12_12_10events,middle,daily,CropsAndStaples__rice_usd_cwt_96_12_12_10events__20250804T000000
CropsAndStaples__rice_usd_cwt_96_12_12_10events,middle,daily,CropsAndStaples__rice_usd_cwt_96_12_12_10events__20250820T000000
CropsAndStaples__rice_usd_cwt_96_12_12_10events,middle,daily,CropsAndStaples__rice_usd_cwt_96_12_12_10events__20250908T000000
CropsAndStaples__rice_usd_cwt_96_12_12_10events,middle,daily,CropsAndStaples__rice_usd_cwt_96_12_12_10events__20250924T000000
CropsAndStaples__rice_usd_cwt_96_12_12_10events,middle,daily,CropsAndStaples__rice_usd_cwt_96_12_12_10events__20251010T000000
CropsAndStaples__rice_usd_cwt_96_12_12_10events,middle,daily,CropsAndStaples__rice_usd_cwt_96_12_12_10events__20251028T000000
CropsAndStaples__rice_usd_cwt_96_12_12_10events,middle,daily,CropsAndStaples__rice_usd_cwt_96_12_12_10events__20251113T000000
CropsAndStaples__rice_usd_cwt_96_12_12_10events,middle,daily,CropsAndStaples__rice_usd_cwt_96_12_12_10events__20251201T000000
CropsAndStaples__rice_usd_cwt_96_12_12_10events,middle,daily,CropsAndStaples__rice_usd_cwt_96_12_12_10events__20251217T000000
CropsAndStaples__rice_usd_cwt_96_12_12_10events,middle,daily,CropsAndStaples__rice_usd_cwt_96_12_12_10events__20260105T000000
CropsAndStaples__rice_usd_cwt_96_12_12_10events,middle,daily,CropsAndStaples__rice_usd_cwt_96_12_12_10events__20260122T000000
CropsAndStaples__rice_usd_cwt_96_12_12_10events,middle,daily,CropsAndStaples__rice_usd_cwt_96_12_12_10events__20260209T000000
CropsAndStaples__rice_usd_cwt_96_12_12_10events,middle,daily,CropsAndStaples__rice_usd_cwt_96_12_12_10events__20260226T000000
CropsAndStaples__rice_usd_cwt_96_12_12_10events,middle,daily,CropsAndStaples__rice_usd_cwt_96_12_12_10events__20260316T000000
pets__biodiversity_96_12_4_10events,middle,weekly,pets__biodiversity_96_12_4_10events__20250803T000000
pets__biodiversity_96_12_4_10events,middle,weekly,pets__biodiversity_96_12_4_10events__20250831T000000
pets__biodiversity_96_12_4_10events,middle,weekly,pets__biodiversity_96_12_4_10events__20250928T000000
pets__biodiversity_96_12_4_10events,middle,weekly,pets__biodiversity_96_12_4_10events__20251026T000000
pets__biodiversity_96_12_4_10events,middle,weekly,pets__biodiversity_96_12_4_10events__20251123T000000
pets__biodiversity_96_12_4_10events,middle,weekly,pets__biodiversity_96_12_4_10events__20251221T000000
arts__food_wine_festivals_96_12_4_10events,middle,weekly,arts__food_wine_festivals_96_12_4_10events__20250119T000000
arts__food_wine_festivals_96_12_4_10events,middle,weekly,arts__food_wine_festivals_96_12_4_10events__20250216T000000
arts__food_wine_festivals_96_12_4_10events,middle,weekly,arts__food_wine_festivals_96_12_4_10events__20250316T000000
arts__food_wine_festivals_96_12_4_10events,middle,weekly,arts__food_wine_festivals_96_12_4_10events__20250413T000000
public_health__hiv_aids_96_12_4_10events,middle,weekly,public_health__hiv_aids_96_12_4_10events__20250803T000000
public_health__hiv_aids_96_12_4_10events,middle,weekly,public_health__hiv_aids_96_12_4_10events__20250831T000000
public_health__hiv_aids_96_12_4_10events,middle,weekly,public_health__hiv_aids_96_12_4_10events__20250928T000000
public_health__hiv_aids_96_12_4_10events,middle,weekly,public_health__hiv_aids_96_12_4_10events__20251026T000000
public_health__hiv_aids_96_12_4_10events,middle,weekly,public_health__hiv_aids_96_12_4_10events__20251123T000000
public_health__hiv_aids_96_12_4_10events,middle,weekly,public_health__hiv_aids_96_12_4_10events__20251221T000000
finance__financial_regulation_96_12_4_10events,worst,weekly,finance__financial_regulation_96_12_4_10events__20250803T000000
finance__financial_regulation_96_12_4_10events,worst,weekly,finance__financial_regulation_96_12_4_10events__20250831T000000
finance__financial_regulation_96_12_4_10events,worst,weekly,finance__financial_regulation_96_12_4_10events__20250928T000000
finance__financial_regulation_96_12_4_10events,worst,weekly,finance__financial_regulation_96_12_4_10events__20251026T000000
finance__financial_regulation_96_12_4_10events,worst,weekly,finance__financial_regulation_96_12_4_10events__20251123T000000
finance__financial_regulation_96_12_4_10events,worst,weekly,finance__financial_regulation_96_12_4_10events__20251221T000000
economy__cost_of_living_96_12_4_10events,worst,weekly,economy__cost_of_living_96_12_4_10events__20250803T000000
economy__cost_of_living_96_12_4_10events,worst,weekly,economy__cost_of_living_96_12_4_10events__20250831T000000
economy__cost_of_living_96_12_4_10events,worst,weekly,economy__cost_of_living_96_12_4_10events__20250928T000000
economy__cost_of_living_96_12_4_10events,worst,weekly,economy__cost_of_living_96_12_4_10events__20251026T000000
economy__cost_of_living_96_12_4_10events,worst,weekly,economy__cost_of_living_96_12_4_10events__20251123T000000
economy__cost_of_living_96_12_4_10events,worst,weekly,economy__cost_of_living_96_12_4_10events__20251221T000000
public_health__obesity_96_12_4_10events,worst,weekly,public_health__obesity_96_12_4_10events__20250803T000000
public_health__obesity_96_12_4_10events,worst,weekly,public_health__obesity_96_12_4_10events__20250831T000000
public_health__obesity_96_12_4_10events,worst,weekly,public_health__obesity_96_12_4_10events__20250928T000000
public_health__obesity_96_12_4_10events,worst,weekly,public_health__obesity_96_12_4_10events__20251026T000000
public_health__obesity_96_12_4_10events,worst,weekly,public_health__obesity_96_12_4_10events__20251123T000000
public_health__obesity_96_12_4_10events,worst,weekly,public_health__obesity_96_12_4_10events__20251221T000000
pets__animal_welfare_96_12_4_10events,worst,weekly,pets__animal_welfare_96_12_4_10events__20250803T000000
pets__animal_welfare_96_12_4_10events,worst,weekly,pets__animal_welfare_96_12_4_10events__20250831T000000
pets__animal_welfare_96_12_4_10events,worst,weekly,pets__animal_welfare_96_12_4_10events__20250928T000000
pets__animal_welfare_96_12_4_10events,worst,weekly,pets__animal_welfare_96_12_4_10events__20251026T000000
pets__animal_welfare_96_12_4_10events,worst,weekly,pets__animal_welfare_96_12_4_10events__20251123T000000
pets__animal_welfare_96_12_4_10events,worst,weekly,pets__animal_welfare_96_12_4_10events__20251221T000000
science__nobel_prize_96_12_4_10events,worst,weekly,science__nobel_prize_96_12_4_10events__20250803T000000
science__nobel_prize_96_12_4_10events,worst,weekly,science__nobel_prize_96_12_4_10events__20250831T000000
science__nobel_prize_96_12_4_10events,worst,weekly,science__nobel_prize_96_12_4_10events__20250928T000000
science__nobel_prize_96_12_4_10events,worst,weekly,science__nobel_prize_96_12_4_10events__20251026T000000
science__nobel_prize_96_12_4_10events,worst,weekly,science__nobel_prize_96_12_4_10events__20251123T000000
science__nobel_prize_96_12_4_10events,worst,weekly,science__nobel_prize_96_12_4_10events__20251221T000000
climate__sustainable_fashion_96_12_4_10events,worst,weekly,climate__sustainable_fashion_96_12_4_10events__20250803T000000
climate__sustainable_fashion_96_12_4_10events,worst,weekly,climate__sustainable_fashion_96_12_4_10events__20250831T000000
climate__sustainable_fashion_96_12_4_10events,worst,weekly,climate__sustainable_fashion_96_12_4_10events__20250928T000000
climate__sustainable_fashion_96_12_4_10events,worst,weekly,climate__sustainable_fashion_96_12_4_10events__20251026T000000
climate__sustainable_fashion_96_12_4_10events,worst,weekly,climate__sustainable_fashion_96_12_4_10events__20251123T000000
climate__sustainable_fashion_96_12_4_10events,worst,weekly,climate__sustainable_fashion_96_12_4_10events__20251221T000000
