method,domain,seed_stat,MSE,MAE
Z0,CropsAndStaples,single,1.342177,0.740295
Z0,Currency,single,0.971216,0.704397
Z0,EnergyAndFuels,single,2.276056,0.921286
Z0,LivestockAndFoodProducts,single,1.320066,0.724610
Z0,RawMaterialsAndConstruction,single,1.338255,0.729526
Z0,SpecialtyAndAdvancedMaterials,single,2.050198,0.694168
Z0,StrategicAndHighValueMaterials,single,2.726347,0.761315
Z0,arts,single,2.878970,0.938112
Z0,climate,single,5.511981,1.135626
Z0,economy,single,2.992216,1.161425
Z0,electronic_technology,single,8.713220,1.502199
Z0,finance,single,5.712122,1.516955
Z0,pets,single,4.470860,1.293532
Z0,public_health,single,2.804917,1.123759
Z0,public_policy,single,3.870318,1.338200
Z0,science,single,6.556470,1.059573
Z0,shopping,single,1.197819,0.651796
Z0,society,single,5.438220,1.354871
Z0,traffic,single,7.267871,1.580889
N0,CropsAndStaples,single,1.104153,0.617149
N0,Currency,single,0.654283,0.544387
N0,EnergyAndFuels,single,1.798399,0.765261
N0,LivestockAndFoodProducts,single,0.924572,0.573307
N0,RawMaterialsAndConstruction,single,1.101617,0.647683
N0,SpecialtyAndAdvancedMaterials,single,1.854652,0.549927
N0,StrategicAndHighValueMaterials,single,2.457074,0.696997
N0,arts,single,3.908347,1.155685
N0,climate,single,5.864103,1.373994
N0,economy,single,3.569002,1.291255
N0,electronic_technology,single,8.913894,1.664542
N0,finance,single,6.400246,1.645641
N0,pets,single,4.387349,1.424577
N0,public_health,single,3.017499,1.263185
N0,public_policy,single,4.023784,1.409421
N0,science,single,6.721667,1.220873
N0,shopping,single,2.123752,0.948069
N0,society,single,5.045958,1.358596
N0,traffic,single,7.691108,1.677581
F0,CropsAndStaples,mean+-std,1.106831+/-0.003174,0.643061+/-0.002033
F0,Currency,mean+-std,0.668087+/-0.000648,0.560967+/-0.000978
F0,EnergyAndFuels,mean+-std,1.904349+/-0.012787,0.794070+/-0.002742
F0,LivestockAndFoodProducts,mean+-std,0.984490+/-0.009393,0.607024+/-0.003022
F0,RawMaterialsAndConstruction,mean+-std,1.134273+/-0.001990,0.677311+/-0.003478
F0,SpecialtyAndAdvancedMaterials,mean+-std,1.875654+/-0.014450,0.589580+/-0.003674
F0,StrategicAndHighValueMaterials,mean+-std,2.422361+/-0.006943,0.699351+/-0.000309
F0,arts,mean+-std,2.883396+/-0.000271,0.938252+/-0.000048
F0,climate,mean+-std,5.658728+/-0.005320,1.137715+/-0.000136
F0,economy,mean+-std,3.039528+/-0.012549,1.158870+/-0.001843
F0,electronic_technology,mean+-std,8.332916+/-0.037527,1.451440+/-0.004383
F0,finance,mean+-std,5.424090+/-0.019694,1.470768+/-0.003001
F0,pets,mean+-std,4.830276+/-0.018566,1.323763+/-0.002054
F0,public_health,mean+-std,2.814092+/-0.007537,1.125122+/-0.000955
F0,public_policy,mean+-std,3.861484+/-0.004796,1.335295+/-0.000386
F0,science,mean+-std,6.495638+/-0.020445,1.053218+/-0.002389
F0,shopping,mean+-std,1.191858+/-0.003583,0.632188+/-0.001120
F0,society,mean+-std,5.425954+/-0.017103,1.352011+/-0.001601
F0,traffic,mean+-std,7.326008+/-0.001539,1.584273+/-0.000010
F1,CropsAndStaples,mean+-std,1.085231+/-0.003697,0.627232+/-0.001024
F1,Currency,mean+-std,0.650330+/-0.008288,0.548982+/-0.003133
F1,EnergyAndFuels,mean+-std,1.876529+/-0.008611,0.781078+/-0.001322
F1,LivestockAndFoodProducts,mean+-std,1.001105+/-0.008071,0.612959+/-0.002446
F1,RawMaterialsAndConstruction,mean+-std,1.157889+/-0.004018,0.669837+/-0.000938
F1,SpecialtyAndAdvancedMaterials,mean+-std,1.876647+/-0.002001,0.592512+/-0.001618
F1,StrategicAndHighValueMaterials,mean+-std,2.402937+/-0.016839,0.697349+/-0.003533
F1,arts,mean+-std,2.882185+/-0.000576,0.937961+/-0.000138
F1,climate,mean+-std,5.657311+/-0.003881,1.134577+/-0.000623
F1,economy,mean+-std,3.071615+/-0.015834,1.161131+/-0.002484
F1,electronic_technology,mean+-std,8.390306+/-0.042346,1.455885+/-0.004809
F1,finance,mean+-std,5.453427+/-0.012213,1.472728+/-0.001928
F1,pets,mean+-std,4.772479+/-0.018397,1.317083+/-0.002371
F1,public_health,mean+-std,2.878641+/-0.034545,1.133734+/-0.005347
F1,public_policy,mean+-std,3.897518+/-0.008295,1.347164+/-0.001757
F1,science,mean+-std,6.530409+/-0.014215,1.054791+/-0.001642
F1,shopping,mean+-std,1.174784+/-0.004170,0.624539+/-0.000377
F1,society,mean+-std,5.592801+/-0.012851,1.373091+/-0.001833
F1,traffic,mean+-std,7.325298+/-0.006413,1.584205+/-0.000538
F2,CropsAndStaples,mean+-std,1.089977+/-0.005334,0.628408+/-0.001300
F2,Currency,mean+-std,0.650066+/-0.007243,0.548924+/-0.002653
F2,EnergyAndFuels,mean+-std,1.890495+/-0.008953,0.782937+/-0.001708
F2,LivestockAndFoodProducts,mean+-std,0.970148+/-0.006208,0.601118+/-0.002250
F2,RawMaterialsAndConstruction,mean+-std,1.167907+/-0.007825,0.672439+/-0.001782
F2,SpecialtyAndAdvancedMaterials,mean+-std,1.882749+/-0.000104,0.593117+/-0.001551
F2,StrategicAndHighValueMaterials,mean+-std,2.453155+/-0.021001,0.702170+/-0.004740
F2,arts,mean+-std,2.882197+/-0.000685,0.937939+/-0.000159
F2,climate,mean+-std,5.663478+/-0.004539,1.134970+/-0.000557
F2,economy,mean+-std,3.072367+/-0.014257,1.161315+/-0.001967
F2,electronic_technology,mean+-std,8.431484+/-0.029319,1.460139+/-0.003603
F2,finance,mean+-std,5.476630+/-0.011958,1.474322+/-0.002027
F2,pets,mean+-std,4.776614+/-0.025722,1.317961+/-0.002644
F2,public_health,mean+-std,2.894566+/-0.015391,1.135896+/-0.003107
F2,public_policy,mean+-std,3.922175+/-0.006122,1.349246+/-0.001909
F2,science,mean+-std,6.551309+/-0.011300,1.057875+/-0.001438
F2,shopping,mean+-std,1.186814+/-0.004925,0.628810+/-0.000829
F2,society,mean+-std,5.526952+/-0.048917,1.364460+/-0.005763
F2,traffic,mean+-std,7.323473+/-0.006207,1.584174+/-0.000559
F3,CropsAndStaples,mean+-std,1.086212+/-0.003689,0.627782+/-0.001049
F3,Currency,mean+-std,0.651101+/-0.008188,0.549263+/-0.003045
F3,EnergyAndFuels,mean+-std,1.880808+/-0.008551,0.782079+/-0.001351
F3,LivestockAndFoodProducts,mean+-std,1.001976+/-0.007988,0.613234+/-0.002406
F3,RawMaterialsAndConstruction,mean+-std,1.159318+/-0.003864,0.670320+/-0.000915
F3,SpecialtyAndAdvancedMaterials,mean+-std,1.876945+/-0.001996,0.592677+/-0.001622
F3,StrategicAndHighValueMaterials,mean+-std,2.406193+/-0.016572,0.697796+/-0.003499
F3,arts,mean+-std,2.882185+/-0.000576,0.937961+/-0.000138
F3,climate,mean+-std,5.656992+/-0.003842,1.134549+/-0.000623
F3,economy,mean+-std,3.071426+/-0.015807,1.161121+/-0.002479
F3,electronic_technology,mean+-std,8.390644+/-0.042352,1.455928+/-0.004810
F3,finance,mean+-std,5.453807+/-0.012252,1.472794+/-0.001932
F3,pets,mean+-std,4.771928+/-0.018420,1.317036+/-0.002374
F3,public_health,mean+-std,2.878500+/-0.034448,1.133714+/-0.005334
F3,public_policy,mean+-std,3.897442+/-0.008271,1.347144+/-0.001750
F3,science,mean+-std,6.530409+/-0.014187,1.054791+/-0.001639
F3,shopping,mean+-std,1.174780+/-0.004161,0.624560+/-0.000374
F3,society,mean+-std,5.592515+/-0.012887,1.373053+/-0.001837
F3,traffic,mean+-std,7.325295+/-0.006412,1.584205+/-0.000538
F4,CropsAndStaples,mean+-std,1.091028+/-0.005267,0.628983+/-0.001305
F4,Currency,mean+-std,0.651080+/-0.007159,0.549317+/-0.002652
F4,EnergyAndFuels,mean+-std,1.894562+/-0.008892,0.783942+/-0.001736
F4,LivestockAndFoodProducts,mean+-std,0.971608+/-0.006046,0.601659+/-0.002152
F4,RawMaterialsAndConstruction,mean+-std,1.169274+/-0.007781,0.672906+/-0.001773
F4,SpecialtyAndAdvancedMaterials,mean+-std,1.883042+/-0.000103,0.593280+/-0.001551
F4,StrategicAndHighValueMaterials,mean+-std,2.455731+/-0.020848,0.702566+/-0.004728
F4,arts,mean+-std,2.882197+/-0.000685,0.937939+/-0.000159
F4,climate,mean+-std,5.663135+/-0.004509,1.134943+/-0.000558
F4,economy,mean+-std,3.072176+/-0.014248,1.161304+/-0.001965
F4,electronic_technology,mean+-std,8.431795+/-0.029324,1.460180+/-0.003603
F4,finance,mean+-std,5.476981+/-0.011989,1.474389+/-0.002028
F4,pets,mean+-std,4.776025+/-0.025740,1.317910+/-0.002647
F4,public_health,mean+-std,2.894380+/-0.015352,1.135870+/-0.003101
F4,public_policy,mean+-std,3.922045+/-0.006065,1.349219+/-0.001899
F4,science,mean+-std,6.551292+/-0.011278,1.057873+/-0.001435
F4,shopping,mean+-std,1.186793+/-0.004909,0.628821+/-0.000825
F4,society,mean+-std,5.526807+/-0.048742,1.364441+/-0.005739
F4,traffic,mean+-std,7.323469+/-0.006205,1.584174+/-0.000558
