method,level,metric,improved,degraded,equal,total
F0,domain(19),mse,13,6,0,19
F0,var(190),mse,138,52,0,190
F0,domain(19),mae,14,5,0,19
F0,var(190),mae,134,56,0,190
F1,domain(19),mse,11,8,0,19
F1,var(190),mse,131,59,0,190
F1,domain(19),mae,14,5,0,19
F1,var(190),mae,132,58,0,190
F2,domain(19),mse,11,8,0,19
F2,var(190),mse,131,59,0,190
F2,domain(19),mae,14,5,0,19
F2,var(190),mae,133,57,0,190
F3,domain(19),mse,11,8,0,19
F3,var(190),mse,131,59,0,190
F3,domain(19),mae,14,5,0,19
F3,var(190),mae,132,58,0,190
F4,domain(19),mse,11,8,0,19
F4,var(190),mse,131,59,0,190
F4,domain(19),mae,14,5,0,19
F4,var(190),mae,133,57,0,190
