comparison,metric,delta,relative_improvement
F1-F0,mse,+0.015654,-0.44%
F1-F0,mae,-0.000392,+0.04%
F2-F1,mse,+0.007111,-0.20%
F2-F1,mae,+0.000494,-0.05%
F3-F1,mse,+0.000581,-0.02%
F3-F1,mae,+0.000167,-0.02%
F4-F2,mse,+0.000572,-0.02%
F4-F2,mae,+0.000184,-0.02%
F4-F3,mse,+0.007102,-0.20%
F4-F3,mae,+0.000511,-0.05%
F0-Z0,mse,-0.108383,+2.97%
F0-Z0,mae,-0.042013,+4.00%
F1-Z0,mse,-0.092729,+2.54%
F1-Z0,mae,-0.042405,+4.04%
F2-Z0,mse,-0.085618,+2.34%
F2-Z0,mae,-0.041911,+4.00%
F3-Z0,mse,-0.092148,+2.52%
F3-Z0,mae,-0.042238,+4.03%
F4-Z0,mse,-0.085046,+2.33%
F4-Z0,mae,-0.041727,+3.98%
