method,domain,seed,best_epoch,best_val_mse,fallback_epoch,fallback_to_zeroshot
F0,CropsAndStaples,2021,6,1.470974,6,False
F0,CropsAndStaples,2022,8,1.483866,8,False
F0,CropsAndStaples,2023,6,1.489415,6,False
F0,Currency,2021,10,1.013197,10,False
F0,Currency,2022,9,1.014646,9,False
F0,Currency,2023,10,1.008559,10,False
F0,EnergyAndFuels,2021,9,1.013499,9,False
F0,EnergyAndFuels,2022,10,1.008103,10,False
F0,EnergyAndFuels,2023,10,1.004062,10,False
F0,LivestockAndFoodProducts,2021,6,0.705662,6,False
F0,LivestockAndFoodProducts,2022,5,0.697883,5,False
F0,LivestockAndFoodProducts,2023,7,0.699971,7,False
F0,RawMaterialsAndConstruction,2021,9,1.258768,9,False
F0,RawMaterialsAndConstruction,2022,8,1.267218,8,False
F0,RawMaterialsAndConstruction,2023,10,1.255587,10,False
F0,SpecialtyAndAdvancedMaterials,2021,4,0.482684,4,False
F0,SpecialtyAndAdvancedMaterials,2022,5,0.483169,5,False
F0,SpecialtyAndAdvancedMaterials,2023,3,0.479811,3,False
F0,StrategicAndHighValueMaterials,2021,10,26.250000,10,False
F0,StrategicAndHighValueMaterials,2022,10,27.065607,10,False
F0,StrategicAndHighValueMaterials,2023,10,27.440152,10,False
F0,arts,2021,1,1.458628,0,True
F0,arts,2022,1,1.458977,0,True
F0,arts,2023,1,1.458124,1,False
F0,climate,2021,10,0.487469,10,False
F0,climate,2022,10,0.484936,10,False
F0,climate,2023,10,0.488439,10,False
F0,economy,2021,10,1.162558,10,False
F0,economy,2022,9,1.154652,9,False
F0,economy,2023,10,1.157510,10,False
F0,electronic_technology,2021,10,3.037322,10,False
F0,electronic_technology,2022,10,3.019975,10,False
F0,electronic_technology,2023,10,3.031391,10,False
F0,finance,2021,10,4.075249,10,False
F0,finance,2022,9,4.067394,9,False
F0,finance,2023,10,4.057166,10,False
F0,pets,2021,10,0.801489,10,False
F0,pets,2022,10,0.794604,10,False
F0,pets,2023,10,0.798655,10,False
F0,public_health,2021,1,0.631453,1,False
F0,public_health,2022,1,0.630321,1,False
F0,public_health,2023,1,0.632576,0,True
F0,public_policy,2021,10,1.320912,10,False
F0,public_policy,2022,10,1.322396,10,False
F0,public_policy,2023,10,1.324478,10,False
F0,science,2021,10,6.187567,10,False
F0,science,2022,10,6.174352,10,False
F0,science,2023,10,6.167840,10,False
F0,shopping,2021,10,0.225053,10,False
F0,shopping,2022,10,0.225623,10,False
F0,shopping,2023,10,0.227320,10,False
F0,society,2021,10,1.965330,10,False
F0,society,2022,10,1.966772,10,False
F0,society,2023,8,1.962812,8,False
F0,traffic,2021,1,4.970202,0,True
F0,traffic,2022,1,4.971714,0,True
F0,traffic,2023,1,4.974060,0,True
F1,CropsAndStaples,2021,10,1.359294,10,False
F1,CropsAndStaples,2022,9,1.390959,9,False
F1,CropsAndStaples,2023,9,1.362114,9,False
F1,Currency,2021,5,1.051913,5,False
F1,Currency,2022,5,1.048883,5,False
F1,Currency,2023,10,1.053003,10,False
F1,EnergyAndFuels,2021,10,0.992676,10,False
F1,EnergyAndFuels,2022,10,0.996590,10,False
F1,EnergyAndFuels,2023,10,0.987155,10,False
F1,LivestockAndFoodProducts,2021,4,0.706146,4,False
F1,LivestockAndFoodProducts,2022,4,0.698625,4,False
F1,LivestockAndFoodProducts,2023,5,0.700561,5,False
F1,RawMaterialsAndConstruction,2021,9,1.231930,9,False
F1,RawMaterialsAndConstruction,2022,8,1.233906,8,False
F1,RawMaterialsAndConstruction,2023,10,1.242092,10,False
F1,SpecialtyAndAdvancedMaterials,2021,3,0.480794,3,False
F1,SpecialtyAndAdvancedMaterials,2022,3,0.483363,3,False
F1,SpecialtyAndAdvancedMaterials,2023,3,0.478454,3,False
F1,StrategicAndHighValueMaterials,2021,10,29.967419,10,False
F1,StrategicAndHighValueMaterials,2022,10,30.210772,10,False
F1,StrategicAndHighValueMaterials,2023,10,30.217408,10,False
F1,arts,2021,1,1.458541,0,True
F1,arts,2022,1,1.458813,0,True
F1,arts,2023,1,1.458363,0,True
F1,climate,2021,10,0.480367,10,False
F1,climate,2022,10,0.478193,10,False
F1,climate,2023,10,0.480791,10,False
F1,economy,2021,10,1.176283,10,False
F1,economy,2022,10,1.154954,10,False
F1,economy,2023,10,1.164437,10,False
F1,electronic_technology,2021,10,3.068115,10,False
F1,electronic_technology,2022,10,3.051760,10,False
F1,electronic_technology,2023,10,3.061749,10,False
F1,finance,2021,10,4.096050,10,False
F1,finance,2022,10,4.093866,10,False
F1,finance,2023,10,4.089500,10,False
F1,pets,2021,10,0.791183,10,False
F1,pets,2022,10,0.786268,10,False
F1,pets,2023,10,0.787393,10,False
F1,public_health,2021,4,0.626301,4,False
F1,public_health,2022,9,0.627504,9,False
F1,public_health,2023,8,0.627808,8,False
F1,public_policy,2021,10,1.309433,10,False
F1,public_policy,2022,10,1.315291,10,False
F1,public_policy,2023,10,1.308172,10,False
F1,science,2021,10,6.224423,10,False
F1,science,2022,8,6.226523,8,False
F1,science,2023,10,6.218072,10,False
F1,shopping,2021,10,0.247312,10,False
F1,shopping,2022,10,0.248412,10,False
F1,shopping,2023,10,0.251337,10,False
F1,society,2021,10,2.017022,10,False
F1,society,2022,8,2.042625,8,False
F1,society,2023,9,2.029141,9,False
F1,traffic,2021,1,4.968577,0,True
F1,traffic,2022,1,4.971813,0,True
F1,traffic,2023,1,4.976844,0,True
F2,CropsAndStaples,2021,10,1.358676,10,False
F2,CropsAndStaples,2022,9,1.395513,9,False
F2,CropsAndStaples,2023,9,1.369845,9,False
F2,Currency,2021,5,1.052880,5,False
F2,Currency,2022,9,1.049152,9,False
F2,Currency,2023,10,1.050453,10,False
F2,EnergyAndFuels,2021,10,0.995632,10,False
F2,EnergyAndFuels,2022,10,0.998725,10,False
F2,EnergyAndFuels,2023,10,0.990165,10,False
F2,LivestockAndFoodProducts,2021,6,0.694888,6,False
F2,LivestockAndFoodProducts,2022,8,0.692298,8,False
F2,LivestockAndFoodProducts,2023,9,0.689062,9,False
F2,RawMaterialsAndConstruction,2021,9,1.238550,9,False
F2,RawMaterialsAndConstruction,2022,8,1.242075,8,False
F2,RawMaterialsAndConstruction,2023,10,1.252897,10,False
F2,SpecialtyAndAdvancedMaterials,2021,3,0.482903,3,False
F2,SpecialtyAndAdvancedMaterials,2022,3,0.485309,3,False
F2,SpecialtyAndAdvancedMaterials,2023,3,0.481095,3,False
F2,StrategicAndHighValueMaterials,2021,10,30.713141,10,False
F2,StrategicAndHighValueMaterials,2022,10,30.657954,10,False
F2,StrategicAndHighValueMaterials,2023,10,30.773175,10,False
F2,arts,2021,1,1.458595,0,True
F2,arts,2022,1,1.458662,0,True
F2,arts,2023,1,1.458561,0,True
F2,climate,2021,10,0.484125,10,False
F2,climate,2022,10,0.480803,10,False
F2,climate,2023,10,0.483902,10,False
F2,economy,2021,10,1.179423,10,False
F2,economy,2022,10,1.161016,10,False
F2,economy,2023,10,1.171289,10,False
F2,electronic_technology,2021,10,3.081691,10,False
F2,electronic_technology,2022,10,3.070093,10,False
F2,electronic_technology,2023,10,3.074017,10,False
F2,finance,2021,10,4.115850,10,False
F2,finance,2022,10,4.118867,10,False
F2,finance,2023,10,4.107718,10,False
F2,pets,2021,10,0.791239,10,False
F2,pets,2022,10,0.787775,10,False
F2,pets,2023,10,0.788261,10,False
F2,public_health,2021,8,0.628160,8,False
F2,public_health,2022,9,0.630058,9,False
F2,public_health,2023,8,0.633216,0,True
F2,public_policy,2021,10,1.317638,10,False
F2,public_policy,2022,10,1.327143,10,False
F2,public_policy,2023,10,1.322802,10,False
F2,science,2021,5,6.249286,5,False
F2,science,2022,5,6.252878,5,False
F2,science,2023,2,6.246862,2,False
F2,shopping,2021,10,0.249089,10,False
F2,shopping,2022,10,0.246069,10,False
F2,shopping,2023,10,0.248259,10,False
F2,society,2021,10,2.026630,10,False
F2,society,2022,2,2.049078,2,False
F2,society,2023,5,2.036368,5,False
F2,traffic,2021,1,4.966490,0,True
F2,traffic,2022,1,4.968187,0,True
F2,traffic,2023,1,4.975944,0,True
F3,CropsAndStaples,2021,10,1.365723,10,False
F3,CropsAndStaples,2022,9,1.396313,9,False
F3,CropsAndStaples,2023,9,1.367678,9,False
F3,Currency,2021,5,1.051939,5,False
F3,Currency,2022,5,1.048895,5,False
F3,Currency,2023,10,1.052387,10,False
F3,EnergyAndFuels,2021,10,0.994443,10,False
F3,EnergyAndFuels,2022,10,0.997894,10,False
F3,EnergyAndFuels,2023,10,0.988939,10,False
F3,LivestockAndFoodProducts,2021,4,0.706501,4,False
F3,LivestockAndFoodProducts,2022,4,0.699028,4,False
F3,LivestockAndFoodProducts,2023,5,0.700806,5,False
F3,RawMaterialsAndConstruction,2021,9,1.234141,9,False
F3,RawMaterialsAndConstruction,2022,8,1.235928,8,False
F3,RawMaterialsAndConstruction,2023,10,1.244526,10,False
F3,SpecialtyAndAdvancedMaterials,2021,3,0.480812,3,False
F3,SpecialtyAndAdvancedMaterials,2022,3,0.483403,3,False
F3,SpecialtyAndAdvancedMaterials,2023,3,0.478482,3,False
F3,StrategicAndHighValueMaterials,2021,10,30.127142,10,False
F3,StrategicAndHighValueMaterials,2022,10,30.363143,10,False
F3,StrategicAndHighValueMaterials,2023,10,30.369664,10,False
F3,arts,2021,1,1.458541,0,True
F3,arts,2022,1,1.458813,0,True
F3,arts,2023,1,1.458363,0,True
F3,climate,2021,10,0.480420,10,False
F3,climate,2022,10,0.478248,10,False
F3,climate,2023,10,0.480848,10,False
F3,economy,2021,10,1.176330,10,False
F3,economy,2022,10,1.155023,10,False
F3,economy,2023,10,1.164502,10,False
F3,electronic_technology,2021,10,3.068234,10,False
F3,electronic_technology,2022,10,3.051899,10,False
F3,electronic_technology,2023,10,3.061892,10,False
F3,finance,2021,10,4.096255,10,False
F3,finance,2022,10,4.094074,10,False
F3,finance,2023,10,4.089631,10,False
F3,pets,2021,10,0.791219,10,False
F3,pets,2022,10,0.786302,10,False
F3,pets,2023,10,0.787423,10,False
F3,public_health,2021,4,0.626304,4,False
F3,public_health,2022,9,0.627509,9,False
F3,public_health,2023,8,0.627816,8,False
F3,public_policy,2021,10,1.309538,10,False
F3,public_policy,2022,10,1.315417,10,False
F3,public_policy,2023,10,1.308265,10,False
F3,science,2021,10,6.224462,10,False
F3,science,2022,8,6.226534,8,False
F3,science,2023,10,6.218126,10,False
F3,shopping,2021,10,0.247397,10,False
F3,shopping,2022,10,0.248486,10,False
F3,shopping,2023,10,0.251432,10,False
F3,society,2021,10,2.017087,10,False
F3,society,2022,8,2.042649,8,False
F3,society,2023,9,2.029191,9,False
F3,traffic,2021,1,4.968575,0,True
F3,traffic,2022,1,4.971810,0,True
F3,traffic,2023,1,4.976840,0,True
F4,CropsAndStaples,2021,10,1.365219,10,False
F4,CropsAndStaples,2022,9,1.400454,9,False
F4,CropsAndStaples,2023,9,1.375843,9,False
F4,Currency,2021,5,1.053211,5,False
F4,Currency,2022,9,1.048859,9,False
F4,Currency,2023,10,1.050216,10,False
F4,EnergyAndFuels,2021,10,0.997696,10,False
F4,EnergyAndFuels,2022,10,1.000462,10,False
F4,EnergyAndFuels,2023,10,0.992135,10,False
F4,LivestockAndFoodProducts,2021,6,0.695226,6,False
F4,LivestockAndFoodProducts,2022,8,0.692470,8,False
F4,LivestockAndFoodProducts,2023,9,0.689136,9,False
F4,RawMaterialsAndConstruction,2021,9,1.240863,9,False
F4,RawMaterialsAndConstruction,2022,8,1.244171,8,False
F4,RawMaterialsAndConstruction,2023,10,1.255373,10,False
F4,SpecialtyAndAdvancedMaterials,2021,3,0.482938,3,False
F4,SpecialtyAndAdvancedMaterials,2022,3,0.485362,3,False
F4,SpecialtyAndAdvancedMaterials,2023,3,0.481140,3,False
F4,StrategicAndHighValueMaterials,2021,10,30.846097,10,False
F4,StrategicAndHighValueMaterials,2022,10,30.792286,10,False
F4,StrategicAndHighValueMaterials,2023,10,30.902255,10,False
F4,arts,2021,1,1.458595,0,True
F4,arts,2022,1,1.458662,0,True
F4,arts,2023,1,1.458561,0,True
F4,climate,2021,10,0.484184,10,False
F4,climate,2022,10,0.480864,10,False
F4,climate,2023,10,0.483965,10,False
F4,economy,2021,10,1.179467,10,False
F4,economy,2022,10,1.161079,10,False
F4,economy,2023,10,1.171356,10,False
F4,electronic_technology,2021,10,3.081813,10,False
F4,electronic_technology,2022,10,3.070226,10,False
F4,electronic_technology,2023,10,3.074154,10,False
F4,finance,2021,10,4.116027,10,False
F4,finance,2022,10,4.119044,10,False
F4,finance,2023,10,4.107834,10,False
F4,pets,2021,10,0.791283,10,False
F4,pets,2022,10,0.787814,10,False
F4,pets,2023,10,0.788292,10,False
F4,public_health,2021,8,0.628171,8,False
F4,public_health,2022,9,0.630062,9,False
F4,public_health,2023,8,0.633212,0,True
F4,public_policy,2021,10,1.317742,10,False
F4,public_policy,2022,10,1.327271,10,False
F4,public_policy,2023,10,1.322897,10,False
F4,science,2021,5,6.249283,5,False
F4,science,2022,5,6.252867,5,False
F4,science,2023,2,6.246865,2,False
F4,shopping,2021,10,0.249177,10,False
F4,shopping,2022,10,0.246152,10,False
F4,shopping,2023,10,0.248364,10,False
F4,society,2021,10,2.026678,10,False
F4,society,2022,2,2.049080,2,False
F4,society,2023,5,2.036382,5,False
F4,traffic,2021,1,4.966487,0,True
F4,traffic,2022,1,4.968185,0,True
F4,traffic,2023,1,4.975939,0,True
