dataset,pred_len,mse_repro,mse_paper,mse_abs_diff,mse_rel_diff_pct,mae_repro,mae_paper,mae_abs_diff,mae_rel_diff_pct,fingerprint_ok
ETTh1,96,0.3527,0.353,-0.0003,-0.07,0.3833,0.383,+0.0003,+0.07,True
ETTh1,192,0.3919,0.392,-0.0001,-0.02,0.4098,0.41,-0.0002,-0.06,True
ETTh1,336,0.4071,0.407,+0.0001,+0.03,0.4225,0.423,-0.0005,-0.11,True
ETTh1,720,0.4062,0.406,+0.0002,+0.04,0.4410,0.441,-0.0000,-0.01,True
ETTh2,96,0.2715,0.271,+0.0005,+0.18,0.3284,0.328,+0.0004,+0.13,True
ETTh2,192,0.3283,0.328,+0.0003,+0.08,0.3668,0.367,-0.0002,-0.05,True
ETTh2,336,0.3450,0.345,-0.0000,-0.01,0.3814,0.381,+0.0004,+0.11,True
ETTh2,720,0.3878,0.388,-0.0002,-0.04,0.4218,0.422,-0.0002,-0.05,True
ETTm1,96,0.3411,0.341,+0.0001,+0.03,0.3468,0.347,-0.0002,-0.06,True
ETTm1,192,0.3598,0.36,-0.0002,-0.07,0.3603,0.36,+0.0003,+0.09,True
ETTm1,336,0.3768,0.377,-0.0002,-0.05,0.3739,0.374,-0.0001,-0.02,True
ETTm1,720,0.4164,0.416,+0.0004,+0.09,0.4054,0.405,+0.0004,+0.11,True
ETTm2,96,0.2279,0.228,-0.0001,-0.06,0.2824,0.282,+0.0004,+0.13,True
ETTm2,192,0.2615,0.262,-0.0005,-0.18,0.3047,0.305,-0.0003,-0.10,True
ETTm2,336,0.2931,0.293,+0.0001,+0.05,0.3282,0.328,+0.0002,+0.05,True
ETTm2,720,0.3432,0.343,+0.0002,+0.06,0.3700,0.37,+0.0000,+0.01,True
Weather,96,0.2200,0.22,-0.0000,-0.01,0.2568,0.257,-0.0002,-0.06,True
Weather,192,0.2442,0.244,+0.0002,+0.08,0.2745,0.275,-0.0005,-0.18,True
Weather,336,0.2799,0.28,-0.0001,-0.02,0.2994,0.299,+0.0004,+0.14,True
Weather,720,0.3295,0.33,-0.0005,-0.14,0.3375,0.337,+0.0005,+0.15,True
Electricity,96,0.1772,0.177,+0.0002,+0.13,0.2659,0.266,-0.0001,-0.04,True
Electricity,192,0.1882,0.188,+0.0002,+0.11,0.2769,0.277,-0.0001,-0.04,True
Electricity,336,0.2072,0.207,+0.0002,+0.11,0.2959,0.296,-0.0001,-0.03,True
Electricity,720,0.2558,0.256,-0.0002,-0.06,0.3372,0.337,+0.0002,+0.07,True
ETTh1,avg,0.3895,0.39,-0.0005,-0.13,0.4141,0.414,+0.0001,+0.03,
ETTh2,avg,0.3331,0.333,+0.0001,+0.04,0.3746,0.375,-0.0004,-0.10,
ETTm1,avg,0.3735,0.374,-0.0005,-0.13,0.3716,0.372,-0.0004,-0.10,
ETTm2,avg,0.2814,0.282,-0.0006,-0.20,0.3213,0.321,+0.0003,+0.10,
Weather,avg,0.2684,0.269,-0.0006,-0.22,0.2921,0.292,+0.0001,+0.02,
Electricity,avg,0.2071,0.207,+0.0001,+0.06,0.2940,0.294,-0.0000,-0.01,
