domain,n_vars,native_train,dense,val,test,excluded,U_d,S_d
CropsAndStaples,11,428,5069,88,188,20,159,5088
EnergyAndFuels,10,401,4745,84,171,15,149,4768
LivestockAndFoodProducts,10,283,3343,46,318,19,105,3360
RawMaterialsAndConstruction,10,369,4386,82,172,19,138,4416
SpecialtyAndAdvancedMaterials,8,267,3150,54,117,10,99,3168
StrategicAndHighValueMaterials,10,431,5113,88,178,18,160,5120
Currency,10,470,5530,90,180,0,173,5536
arts,10,60,210,30,151,40,7,224
climate,10,120,470,30,90,50,15,480
economy,10,120,470,30,90,50,15,480
electronic_technology,10,120,470,30,90,50,15,480
finance,10,120,470,30,90,50,15,480
pets,10,120,470,30,90,50,15,480
public_health,10,120,470,30,90,50,15,480
public_policy,11,132,517,33,99,55,17,544
science,10,120,470,30,90,50,15,480
shopping,10,120,470,30,90,50,15,480
society,10,120,470,30,90,50,15,480
traffic,10,120,470,30,90,50,15,480
TOTAL,190,4041,36763,895,2474,696,1157,
