row_id,source,masked,id,var_key,sel_group,color_idx,x,y
0,imagenet,1,ILSVRC2012_val_00048869.JPEG,,,,-24.08709717,4.49825954
1,imagenet,1,ILSVRC2012_val_00013142.JPEG,,,,-15.63671303,19.65733910
2,imagenet,1,ILSVRC2012_val_00025105.JPEG,,,,-22.62365150,16.70808220
3,imagenet,1,ILSVRC2012_val_00006413.JPEG,,,,-16.19599533,-9.03444099
4,imagenet,1,ILSVRC2012_val_00014162.JPEG,,,,29.19146919,-12.07418633
5,imagenet,1,ILSVRC2012_val_00043685.JPEG,,,,0.39195278,5.26311541
6,imagenet,1,ILSVRC2012_val_00008303.JPEG,,,,-1.34104288,21.63499069
7,imagenet,1,ILSVRC2012_val_00034718.JPEG,,,,1.85183978,-40.60141754
8,imagenet,1,ILSVRC2012_val_00009828.JPEG,,,,30.85214424,-6.62853384
9,imagenet,1,ILSVRC2012_val_00001042.JPEG,,,,0.58431160,20.35456085
10,imagenet,1,ILSVRC2012_val_00038422.JPEG,,,,4.61879492,23.79157829
11,imagenet,1,ILSVRC2012_val_00033994.JPEG,,,,-10.83188343,23.81085587
12,imagenet,1,ILSVRC2012_val_00020610.JPEG,,,,29.75716591,4.18128061
13,imagenet,1,ILSVRC2012_val_00047341.JPEG,,,,18.49267769,16.81502151
14,imagenet,1,ILSVRC2012_val_00016538.JPEG,,,,-2.04103160,12.91978550
15,imagenet,1,ILSVRC2012_val_00004104.JPEG,,,,-34.94096756,6.47001886
16,imagenet,1,ILSVRC2012_val_00030770.JPEG,,,,0.81227827,22.56521034
17,imagenet,1,ILSVRC2012_val_00044594.JPEG,,,,-2.86064172,-8.66522884
18,imagenet,1,ILSVRC2012_val_00010948.JPEG,,,,28.46029472,-6.24139595
19,imagenet,1,ILSVRC2012_val_00000480.JPEG,,,,9.23131847,-4.63928604
20,imagenet,1,ILSVRC2012_val_00034043.JPEG,,,,-15.10356140,2.23039532
21,imagenet,1,ILSVRC2012_val_00012569.JPEG,,,,-14.31245422,16.39765167
22,imagenet,1,ILSVRC2012_val_00035420.JPEG,,,,4.77456236,-12.20382690
23,imagenet,1,ILSVRC2012_val_00023003.JPEG,,,,-23.24365807,7.37349653
24,imagenet,1,ILSVRC2012_val_00034493.JPEG,,,,-28.69781685,7.76568937
25,imagenet,1,ILSVRC2012_val_00018871.JPEG,,,,-14.20188236,-13.48979664
26,imagenet,1,ILSVRC2012_val_00005638.JPEG,,,,26.64724731,-9.34393883
27,imagenet,1,ILSVRC2012_val_00005245.JPEG,,,,-9.88886452,-6.17598104
28,imagenet,1,ILSVRC2012_val_00002225.JPEG,,,,-0.76495004,13.23508167
29,imagenet,1,ILSVRC2012_val_00043981.JPEG,,,,-31.35830498,7.24250984
30,imagenet,1,ILSVRC2012_val_00001713.JPEG,,,,-7.96676254,-15.17524624
31,imagenet,1,ILSVRC2012_val_00006802.JPEG,,,,13.91230011,3.07670856
32,imagenet,1,ILSVRC2012_val_00009693.JPEG,,,,-11.12926483,17.41976166
33,imagenet,1,ILSVRC2012_val_00008441.JPEG,,,,-10.25843334,2.24354434
34,imagenet,1,ILSVRC2012_val_00018318.JPEG,,,,5.48349237,10.67089081
35,imagenet,1,ILSVRC2012_val_00002017.JPEG,,,,-3.70601749,-8.85913944
36,imagenet,1,ILSVRC2012_val_00022048.JPEG,,,,19.91635132,-3.88946176
37,imagenet,1,ILSVRC2012_val_00004815.JPEG,,,,-28.52697754,4.17781067
38,imagenet,1,ILSVRC2012_val_00025057.JPEG,,,,7.71779537,23.80261421
39,imagenet,1,ILSVRC2012_val_00001940.JPEG,,,,-28.77867317,2.73630524
40,imagenet,1,ILSVRC2012_val_00037890.JPEG,,,,14.05789757,-13.71606255
41,imagenet,1,ILSVRC2012_val_00021015.JPEG,,,,15.78558350,-14.86458015
42,imagenet,1,ILSVRC2012_val_00007086.JPEG,,,,-14.01755333,-10.07118511
43,imagenet,1,ILSVRC2012_val_00045368.JPEG,,,,-29.47513962,-2.85267234
44,imagenet,1,ILSVRC2012_val_00036912.JPEG,,,,-36.12305832,8.90972519
45,imagenet,1,ILSVRC2012_val_00000653.JPEG,,,,-1.90988529,4.77370310
46,imagenet,1,ILSVRC2012_val_00017281.JPEG,,,,25.20840836,8.42489147
47,imagenet,1,ILSVRC2012_val_00012461.JPEG,,,,39.69781494,-4.06196165
48,imagenet,1,ILSVRC2012_val_00047515.JPEG,,,,33.45538330,-10.96426010
49,imagenet,1,ILSVRC2012_val_00042429.JPEG,,,,-30.97790337,1.88107252
50,imagenet,1,ILSVRC2012_val_00003755.JPEG,,,,24.68245125,13.20187378
51,imagenet,1,ILSVRC2012_val_00004415.JPEG,,,,37.10804749,-5.76340818
52,imagenet,1,ILSVRC2012_val_00013160.JPEG,,,,-12.03000164,3.43781686
53,imagenet,1,ILSVRC2012_val_00028659.JPEG,,,,-18.73965073,18.95359612
54,imagenet,1,ILSVRC2012_val_00009107.JPEG,,,,-24.07187462,13.41369724
55,imagenet,1,ILSVRC2012_val_00039670.JPEG,,,,8.30449963,-10.84877300
56,imagenet,1,ILSVRC2012_val_00022180.JPEG,,,,-31.73380089,11.33582592
57,imagenet,1,ILSVRC2012_val_00049493.JPEG,,,,-7.20391655,20.67384720
58,imagenet,1,ILSVRC2012_val_00015213.JPEG,,,,-11.18480301,21.34485435
59,imagenet,1,ILSVRC2012_val_00045384.JPEG,,,,12.53735065,-9.38648129
60,imagenet,1,ILSVRC2012_val_00034727.JPEG,,,,-15.78764820,-1.95748472
61,imagenet,1,ILSVRC2012_val_00000106.JPEG,,,,17.87649345,21.98803711
62,imagenet,1,ILSVRC2012_val_00044896.JPEG,,,,14.06990051,-15.43757725
63,imagenet,1,ILSVRC2012_val_00018360.JPEG,,,,-25.73016548,22.52632904
64,imagenet,1,ILSVRC2012_val_00019849.JPEG,,,,-20.33296394,4.82160950
65,imagenet,1,ILSVRC2012_val_00023938.JPEG,,,,37.83529282,-2.76192641
66,imagenet,1,ILSVRC2012_val_00038623.JPEG,,,,25.57043457,14.23418140
67,imagenet,1,ILSVRC2012_val_00002753.JPEG,,,,3.58014679,22.99120712
68,imagenet,1,ILSVRC2012_val_00036969.JPEG,,,,13.25894547,-14.98343086
69,imagenet,1,ILSVRC2012_val_00036176.JPEG,,,,13.45182133,10.26341629
70,imagenet,1,ILSVRC2012_val_00032799.JPEG,,,,28.63984108,-3.73859286
71,imagenet,1,ILSVRC2012_val_00026597.JPEG,,,,-9.44690990,22.76187134
72,imagenet,1,ILSVRC2012_val_00001903.JPEG,,,,8.57251358,3.51697731
73,imagenet,1,ILSVRC2012_val_00001159.JPEG,,,,27.32703590,-1.11687350
74,imagenet,1,ILSVRC2012_val_00041603.JPEG,,,,-26.32630920,12.27598667
75,imagenet,1,ILSVRC2012_val_00019816.JPEG,,,,19.46570015,13.04710960
76,imagenet,1,ILSVRC2012_val_00044044.JPEG,,,,-17.88736916,4.69873524
77,imagenet,1,ILSVRC2012_val_00037616.JPEG,,,,14.20327377,1.80341160
78,imagenet,1,ILSVRC2012_val_00047642.JPEG,,,,14.32379150,-3.40801811
79,imagenet,1,ILSVRC2012_val_00039738.JPEG,,,,29.71002960,6.52423620
80,imagenet,1,ILSVRC2012_val_00015321.JPEG,,,,-14.67611504,-12.05176067
81,imagenet,1,ILSVRC2012_val_00017310.JPEG,,,,-16.69505692,-10.15371132
82,imagenet,1,ILSVRC2012_val_00028874.JPEG,,,,7.51678181,25.81395149
83,imagenet,1,ILSVRC2012_val_00006654.JPEG,,,,31.59992790,10.81698322
84,imagenet,1,ILSVRC2012_val_00026997.JPEG,,,,6.91783094,-9.77387619
85,imagenet,1,ILSVRC2012_val_00047935.JPEG,,,,-15.39051533,-0.95567656
86,imagenet,1,ILSVRC2012_val_00041987.JPEG,,,,-7.41110420,22.58383560
87,imagenet,1,ILSVRC2012_val_00037125.JPEG,,,,18.73837280,-2.26089692
88,imagenet,1,ILSVRC2012_val_00011373.JPEG,,,,32.38284683,4.04586935
89,imagenet,1,ILSVRC2012_val_00033341.JPEG,,,,15.47348499,-14.88586807
90,imagenet,1,ILSVRC2012_val_00021991.JPEG,,,,-13.06117153,4.09961891
91,imagenet,1,ILSVRC2012_val_00022273.JPEG,,,,20.57102013,-8.71166515
92,imagenet,1,ILSVRC2012_val_00027631.JPEG,,,,7.85683727,-7.97454786
93,imagenet,1,ILSVRC2012_val_00001328.JPEG,,,,-30.56591415,11.83534527
94,imagenet,1,ILSVRC2012_val_00017462.JPEG,,,,-7.55779314,4.09573460
95,imagenet,1,ILSVRC2012_val_00045586.JPEG,,,,31.62787056,15.21991348
96,imagenet,1,ILSVRC2012_val_00047913.JPEG,,,,29.52181244,-8.46141624
97,imagenet,1,ILSVRC2012_val_00023681.JPEG,,,,7.68660688,24.87800598
98,imagenet,1,ILSVRC2012_val_00028985.JPEG,,,,-6.63041162,4.19785118
99,imagenet,1,ILSVRC2012_val_00046400.JPEG,,,,-36.30068970,6.90454054
100,imagenet,1,ILSVRC2012_val_00016768.JPEG,,,,-7.25391102,15.22713470
101,imagenet,1,ILSVRC2012_val_00016243.JPEG,,,,29.16672516,10.49058533
102,imagenet,1,ILSVRC2012_val_00028736.JPEG,,,,30.35855865,-11.04598236
103,imagenet,1,ILSVRC2012_val_00030469.JPEG,,,,-17.37077713,5.27406788
104,imagenet,1,ILSVRC2012_val_00010108.JPEG,,,,19.22342682,7.36555338
105,imagenet,1,ILSVRC2012_val_00019183.JPEG,,,,29.46064377,10.98099041
106,imagenet,1,ILSVRC2012_val_00046429.JPEG,,,,-12.26840496,28.70042229
107,imagenet,1,ILSVRC2012_val_00025741.JPEG,,,,2.44648194,4.82865477
108,imagenet,1,ILSVRC2012_val_00033893.JPEG,,,,9.16683483,-14.35431194
109,imagenet,1,ILSVRC2012_val_00011696.JPEG,,,,14.10727501,18.26015663
110,imagenet,1,ILSVRC2012_val_00009697.JPEG,,,,-34.26575470,5.09538889
111,imagenet,1,ILSVRC2012_val_00012687.JPEG,,,,-29.08499718,8.94501400
112,imagenet,1,ILSVRC2012_val_00000805.JPEG,,,,-30.92955399,0.45879304
113,imagenet,1,ILSVRC2012_val_00049101.JPEG,,,,27.62855339,-8.12481689
114,imagenet,1,ILSVRC2012_val_00008476.JPEG,,,,9.99704170,0.71800321
115,imagenet,1,ILSVRC2012_val_00017346.JPEG,,,,-32.74071121,6.06656408
116,imagenet,1,ILSVRC2012_val_00011826.JPEG,,,,25.02119827,17.36053467
117,imagenet,1,ILSVRC2012_val_00016462.JPEG,,,,-29.91089630,4.96530914
118,imagenet,1,ILSVRC2012_val_00038796.JPEG,,,,-9.63297844,11.75556755
119,imagenet,1,ILSVRC2012_val_00005658.JPEG,,,,15.07103729,-6.15563440
120,imagenet,1,ILSVRC2012_val_00006201.JPEG,,,,-0.76521558,22.91993141
121,imagenet,1,ILSVRC2012_val_00030912.JPEG,,,,24.09565926,0.71515906
122,imagenet,1,ILSVRC2012_val_00027714.JPEG,,,,-1.24737108,-1.18497157
123,imagenet,1,ILSVRC2012_val_00025802.JPEG,,,,-6.54605675,29.41774368
124,imagenet,1,ILSVRC2012_val_00017790.JPEG,,,,32.25558853,10.28466320
125,imagenet,1,ILSVRC2012_val_00005616.JPEG,,,,22.23475075,2.34147263
126,imagenet,1,ILSVRC2012_val_00003524.JPEG,,,,-26.23679352,14.28880596
127,imagenet,1,ILSVRC2012_val_00020988.JPEG,,,,24.04528618,11.66907120
128,imagenet,1,ILSVRC2012_val_00012971.JPEG,,,,1.76993692,-40.65228271
129,imagenet,1,ILSVRC2012_val_00041554.JPEG,,,,-22.00831985,16.19674873
130,imagenet,1,ILSVRC2012_val_00015920.JPEG,,,,20.08529472,-16.37043190
131,imagenet,1,ILSVRC2012_val_00005034.JPEG,,,,5.37252569,-11.69732285
132,imagenet,1,ILSVRC2012_val_00012028.JPEG,,,,-14.73452473,-2.52593398
133,imagenet,1,ILSVRC2012_val_00035141.JPEG,,,,-2.90168357,8.93471146
134,imagenet,1,ILSVRC2012_val_00020209.JPEG,,,,18.40329933,-14.38998318
135,imagenet,1,ILSVRC2012_val_00002517.JPEG,,,,-25.86712456,16.76180267
136,imagenet,1,ILSVRC2012_val_00049425.JPEG,,,,-18.27530098,5.90873432
137,imagenet,1,ILSVRC2012_val_00030365.JPEG,,,,-19.19437599,-5.36693811
138,imagenet,1,ILSVRC2012_val_00012727.JPEG,,,,-5.06426191,22.04806137
139,imagenet,1,ILSVRC2012_val_00012875.JPEG,,,,33.97154236,-2.76436281
140,imagenet,1,ILSVRC2012_val_00047188.JPEG,,,,-31.44854927,9.10137463
141,imagenet,1,ILSVRC2012_val_00018860.JPEG,,,,7.50837088,24.06360817
142,imagenet,1,ILSVRC2012_val_00022009.JPEG,,,,5.97886705,-14.09065056
143,imagenet,1,ILSVRC2012_val_00044668.JPEG,,,,19.81782913,19.49937820
144,imagenet,1,ILSVRC2012_val_00004436.JPEG,,,,1.16514313,-7.98146296
145,imagenet,1,ILSVRC2012_val_00017424.JPEG,,,,-23.88583374,13.27998447
146,imagenet,1,ILSVRC2012_val_00008845.JPEG,,,,-13.60606861,22.54349899
147,imagenet,1,ILSVRC2012_val_00033912.JPEG,,,,33.45999908,-7.95527411
148,imagenet,1,ILSVRC2012_val_00021519.JPEG,,,,-27.36128998,6.15071392
149,imagenet,1,ILSVRC2012_val_00035115.JPEG,,,,-10.52379513,-15.26571083
150,imagenet,1,ILSVRC2012_val_00034265.JPEG,,,,21.07222939,15.20110989
151,imagenet,1,ILSVRC2012_val_00026440.JPEG,,,,20.89505768,-5.16588688
152,imagenet,1,ILSVRC2012_val_00027356.JPEG,,,,-4.14675951,22.46405411
153,imagenet,1,ILSVRC2012_val_00032075.JPEG,,,,-4.96779203,23.22043037
154,imagenet,1,ILSVRC2012_val_00012793.JPEG,,,,-16.65348816,13.49219418
155,imagenet,1,ILSVRC2012_val_00043412.JPEG,,,,8.14128590,22.69310570
156,imagenet,1,ILSVRC2012_val_00033485.JPEG,,,,1.48259926,-2.20742202
157,imagenet,1,ILSVRC2012_val_00024086.JPEG,,,,-1.33011854,19.58240128
158,imagenet,1,ILSVRC2012_val_00005206.JPEG,,,,0.55284125,23.95049667
159,imagenet,1,ILSVRC2012_val_00015276.JPEG,,,,23.42450714,1.14943182
160,imagenet,1,ILSVRC2012_val_00014852.JPEG,,,,-18.75133133,-2.29047608
161,imagenet,1,ILSVRC2012_val_00035847.JPEG,,,,-21.90684509,17.01086426
162,imagenet,1,ILSVRC2012_val_00003427.JPEG,,,,-8.20546436,-0.25004292
163,imagenet,1,ILSVRC2012_val_00007094.JPEG,,,,2.85970235,16.94190979
164,imagenet,1,ILSVRC2012_val_00025429.JPEG,,,,29.76226807,10.24939823
165,imagenet,1,ILSVRC2012_val_00041371.JPEG,,,,31.60641670,-12.13073635
166,imagenet,1,ILSVRC2012_val_00042519.JPEG,,,,-14.26748371,2.31148362
167,imagenet,1,ILSVRC2012_val_00004166.JPEG,,,,38.65710831,0.46551642
168,imagenet,1,ILSVRC2012_val_00037029.JPEG,,,,-16.49516106,-14.65310097
169,imagenet,1,ILSVRC2012_val_00017659.JPEG,,,,18.89597321,16.74530983
170,imagenet,1,ILSVRC2012_val_00049096.JPEG,,,,22.85253525,11.49280357
171,imagenet,1,ILSVRC2012_val_00026147.JPEG,,,,24.56776237,-7.45193195
172,imagenet,1,ILSVRC2012_val_00043734.JPEG,,,,10.50125599,0.55453449
173,imagenet,1,ILSVRC2012_val_00011035.JPEG,,,,-27.69455147,-6.35415363
174,imagenet,1,ILSVRC2012_val_00029222.JPEG,,,,-25.70680618,22.64379883
175,imagenet,1,ILSVRC2012_val_00015148.JPEG,,,,-21.77941132,5.19434643
176,imagenet,1,ILSVRC2012_val_00035979.JPEG,,,,31.88695908,8.79801369
177,imagenet,1,ILSVRC2012_val_00032912.JPEG,,,,7.50345039,21.28211784
178,imagenet,1,ILSVRC2012_val_00040926.JPEG,,,,6.65023232,-1.39694035
179,imagenet,1,ILSVRC2012_val_00006950.JPEG,,,,6.61796379,-14.49534225
180,imagenet,1,ILSVRC2012_val_00001558.JPEG,,,,17.88895607,7.62042475
181,imagenet,1,ILSVRC2012_val_00014201.JPEG,,,,14.84949017,-1.31986046
182,imagenet,1,ILSVRC2012_val_00028122.JPEG,,,,19.88488007,10.82531261
183,imagenet,1,ILSVRC2012_val_00036936.JPEG,,,,-8.48749447,-16.22547531
184,imagenet,1,ILSVRC2012_val_00027127.JPEG,,,,-6.27247715,-16.46982384
185,imagenet,1,ILSVRC2012_val_00045113.JPEG,,,,19.33575249,-2.57730579
186,imagenet,1,ILSVRC2012_val_00003018.JPEG,,,,10.34679604,-14.86238956
187,imagenet,1,ILSVRC2012_val_00044250.JPEG,,,,-13.18918896,-11.16577053
188,imagenet,1,ILSVRC2012_val_00043497.JPEG,,,,19.25659752,17.49320221
189,imagenet,1,ILSVRC2012_val_00027717.JPEG,,,,-27.38644218,3.58918476
190,imagenet,1,ILSVRC2012_val_00021922.JPEG,,,,-1.90883231,20.69748116
191,imagenet,1,ILSVRC2012_val_00045048.JPEG,,,,20.15542793,17.95091629
192,imagenet,1,ILSVRC2012_val_00019331.JPEG,,,,-7.51063108,20.36314011
193,imagenet,1,ILSVRC2012_val_00018817.JPEG,,,,16.48653030,19.00064087
194,imagenet,1,ILSVRC2012_val_00011388.JPEG,,,,-24.60734367,-7.02713108
195,imagenet,1,ILSVRC2012_val_00040513.JPEG,,,,-10.65838146,1.23117411
196,imagenet,1,ILSVRC2012_val_00006584.JPEG,,,,20.57094002,-8.70584869
197,imagenet,1,ILSVRC2012_val_00043455.JPEG,,,,-28.73620605,8.46528339
198,imagenet,1,ILSVRC2012_val_00027211.JPEG,,,,23.72699928,-10.78590679
199,imagenet,1,ILSVRC2012_val_00021440.JPEG,,,,3.69246554,24.08279800
200,imagenet,1,ILSVRC2012_val_00005156.JPEG,,,,24.28570747,6.92153072
201,imagenet,1,ILSVRC2012_val_00001027.JPEG,,,,-8.15714455,-10.11931896
202,imagenet,1,ILSVRC2012_val_00024756.JPEG,,,,1.69094932,7.72787666
203,imagenet,1,ILSVRC2012_val_00014181.JPEG,,,,0.26329055,13.87224770
204,imagenet,1,ILSVRC2012_val_00006630.JPEG,,,,13.64936638,-14.00969982
205,imagenet,1,ILSVRC2012_val_00036042.JPEG,,,,34.46389389,0.21724361
206,imagenet,1,ILSVRC2012_val_00029491.JPEG,,,,-7.82981920,7.22845411
207,imagenet,1,ILSVRC2012_val_00038467.JPEG,,,,22.54585838,5.24699116
208,imagenet,1,ILSVRC2012_val_00029417.JPEG,,,,-15.30686188,22.56813240
209,imagenet,1,ILSVRC2012_val_00043198.JPEG,,,,-8.43826962,3.73657823
210,imagenet,1,ILSVRC2012_val_00003959.JPEG,,,,28.24557686,16.16866684
211,imagenet,1,ILSVRC2012_val_00008449.JPEG,,,,-6.43720675,10.02023029
212,imagenet,1,ILSVRC2012_val_00034158.JPEG,,,,-4.40565538,22.49056244
213,imagenet,1,ILSVRC2012_val_00039170.JPEG,,,,-9.64790630,22.67130661
214,imagenet,1,ILSVRC2012_val_00019881.JPEG,,,,-24.51461792,5.90604162
215,imagenet,1,ILSVRC2012_val_00019820.JPEG,,,,34.67561340,-4.09266710
216,imagenet,1,ILSVRC2012_val_00026080.JPEG,,,,-17.11376190,-8.12055874
217,imagenet,1,ILSVRC2012_val_00020949.JPEG,,,,25.90678024,-8.23437786
218,imagenet,1,ILSVRC2012_val_00024966.JPEG,,,,-3.45288825,-3.68187881
219,imagenet,1,ILSVRC2012_val_00041810.JPEG,,,,37.68172073,-0.77797455
220,imagenet,1,ILSVRC2012_val_00046651.JPEG,,,,-9.27675915,6.29593229
221,imagenet,1,ILSVRC2012_val_00016785.JPEG,,,,23.79227448,-13.10525417
222,imagenet,1,ILSVRC2012_val_00036305.JPEG,,,,-17.03970718,23.65654755
223,imagenet,1,ILSVRC2012_val_00026346.JPEG,,,,9.29986191,22.75446892
224,imagenet,1,ILSVRC2012_val_00001389.JPEG,,,,-6.52393103,25.91505051
225,imagenet,1,ILSVRC2012_val_00044607.JPEG,,,,5.53360796,-6.32754946
226,imagenet,1,ILSVRC2012_val_00020804.JPEG,,,,-15.38906479,-14.98846054
227,imagenet,1,ILSVRC2012_val_00031511.JPEG,,,,39.21540451,-5.70894098
228,imagenet,1,ILSVRC2012_val_00021037.JPEG,,,,-31.34495354,5.15944481
229,imagenet,1,ILSVRC2012_val_00001439.JPEG,,,,28.44012260,14.20921421
230,imagenet,1,ILSVRC2012_val_00017200.JPEG,,,,-6.96143341,8.42714500
231,imagenet,1,ILSVRC2012_val_00044582.JPEG,,,,-27.56848717,22.66048241
232,imagenet,1,ILSVRC2012_val_00007612.JPEG,,,,20.27848625,-5.11521912
233,imagenet,1,ILSVRC2012_val_00008247.JPEG,,,,4.97614861,24.32510757
234,imagenet,1,ILSVRC2012_val_00016194.JPEG,,,,-21.66306686,14.00486946
235,imagenet,1,ILSVRC2012_val_00037327.JPEG,,,,-18.62402916,-3.89152527
236,imagenet,1,ILSVRC2012_val_00024039.JPEG,,,,14.35326385,-15.69086552
237,imagenet,1,ILSVRC2012_val_00018604.JPEG,,,,27.11891174,12.96622467
238,imagenet,1,ILSVRC2012_val_00036386.JPEG,,,,20.59562683,-11.57674026
239,imagenet,1,ILSVRC2012_val_00039335.JPEG,,,,24.13423157,-2.42110014
240,imagenet,1,ILSVRC2012_val_00040247.JPEG,,,,18.15709686,12.69550323
241,imagenet,1,ILSVRC2012_val_00026598.JPEG,,,,14.51214409,3.96797395
242,imagenet,1,ILSVRC2012_val_00009212.JPEG,,,,-12.24999046,17.90326500
243,imagenet,1,ILSVRC2012_val_00028452.JPEG,,,,-5.98102140,24.12249756
244,imagenet,1,ILSVRC2012_val_00011087.JPEG,,,,-24.67178535,11.36424637
245,imagenet,1,ILSVRC2012_val_00016831.JPEG,,,,-9.62047577,8.51195717
246,imagenet,1,ILSVRC2012_val_00025973.JPEG,,,,13.87909222,15.42859077
247,imagenet,1,ILSVRC2012_val_00013840.JPEG,,,,14.60245228,-14.86250782
248,imagenet,1,ILSVRC2012_val_00014443.JPEG,,,,-12.56643200,-15.04612637
249,imagenet,1,ILSVRC2012_val_00013576.JPEG,,,,17.18756485,-9.79767513
250,imagenet,1,ILSVRC2012_val_00002033.JPEG,,,,8.17858028,3.35414624
251,imagenet,1,ILSVRC2012_val_00043905.JPEG,,,,-2.34157753,21.94193459
252,imagenet,1,ILSVRC2012_val_00012097.JPEG,,,,3.30070281,22.36569214
253,imagenet,1,ILSVRC2012_val_00029030.JPEG,,,,-0.07404102,16.88986397
254,imagenet,1,ILSVRC2012_val_00010393.JPEG,,,,-0.63199341,6.13723707
255,imagenet,1,ILSVRC2012_val_00030899.JPEG,,,,-30.46356773,-2.34744334
256,imagenet,1,ILSVRC2012_val_00037785.JPEG,,,,-35.03417587,11.69764042
257,imagenet,1,ILSVRC2012_val_00028532.JPEG,,,,13.46676826,20.89353180
258,imagenet,1,ILSVRC2012_val_00022970.JPEG,,,,-18.27940750,2.42212701
259,imagenet,1,ILSVRC2012_val_00022728.JPEG,,,,-9.14873409,14.56590748
260,imagenet,1,ILSVRC2012_val_00010901.JPEG,,,,32.98771286,3.72073746
261,imagenet,1,ILSVRC2012_val_00006161.JPEG,,,,0.01239733,2.94559336
262,imagenet,1,ILSVRC2012_val_00009647.JPEG,,,,8.00269604,9.12202358
263,imagenet,1,ILSVRC2012_val_00042664.JPEG,,,,20.60713005,-3.99129081
264,imagenet,1,ILSVRC2012_val_00028799.JPEG,,,,25.50126648,-10.18287182
265,imagenet,1,ILSVRC2012_val_00040357.JPEG,,,,17.22170830,-2.16971874
266,imagenet,1,ILSVRC2012_val_00007164.JPEG,,,,20.99938202,-17.00724220
267,imagenet,1,ILSVRC2012_val_00049167.JPEG,,,,5.18998957,11.24188232
268,imagenet,1,ILSVRC2012_val_00024418.JPEG,,,,22.28446770,17.18808937
269,imagenet,1,ILSVRC2012_val_00020903.JPEG,,,,28.58534813,14.26268101
270,imagenet,1,ILSVRC2012_val_00004878.JPEG,,,,-23.26019859,19.42890739
271,imagenet,1,ILSVRC2012_val_00013182.JPEG,,,,22.46480942,-6.22061586
272,imagenet,1,ILSVRC2012_val_00007479.JPEG,,,,0.06959365,11.44423866
273,imagenet,1,ILSVRC2012_val_00033589.JPEG,,,,-9.15733624,27.07868958
274,imagenet,1,ILSVRC2012_val_00008962.JPEG,,,,19.55448532,-17.57251358
275,imagenet,1,ILSVRC2012_val_00037291.JPEG,,,,-19.92977715,-0.18956108
276,imagenet,1,ILSVRC2012_val_00029697.JPEG,,,,-18.33403587,12.04216671
277,imagenet,1,ILSVRC2012_val_00041670.JPEG,,,,19.87506294,-3.52389789
278,imagenet,1,ILSVRC2012_val_00033763.JPEG,,,,-28.84884071,5.16787910
279,imagenet,1,ILSVRC2012_val_00005493.JPEG,,,,-6.53814125,1.45192659
280,imagenet,1,ILSVRC2012_val_00021790.JPEG,,,,22.54345131,-10.72023582
281,imagenet,1,ILSVRC2012_val_00047749.JPEG,,,,2.48780894,-39.01798630
282,imagenet,1,ILSVRC2012_val_00031286.JPEG,,,,-4.85246563,7.88358021
283,imagenet,1,ILSVRC2012_val_00028586.JPEG,,,,-11.93279171,-13.93050289
284,imagenet,1,ILSVRC2012_val_00019894.JPEG,,,,-29.11993790,8.13623905
285,imagenet,1,ILSVRC2012_val_00030761.JPEG,,,,-24.14735794,-2.89286089
286,imagenet,1,ILSVRC2012_val_00016577.JPEG,,,,-26.33896828,7.30975151
287,imagenet,1,ILSVRC2012_val_00043805.JPEG,,,,-14.49756813,17.38815880
288,imagenet,1,ILSVRC2012_val_00006399.JPEG,,,,-15.53196239,-13.48857117
289,imagenet,1,ILSVRC2012_val_00007335.JPEG,,,,-4.09466028,25.13137054
290,imagenet,1,ILSVRC2012_val_00035391.JPEG,,,,-26.57594109,7.69800615
291,imagenet,1,ILSVRC2012_val_00027633.JPEG,,,,-25.61066055,10.72415161
292,imagenet,1,ILSVRC2012_val_00000551.JPEG,,,,-27.18828392,11.84797764
293,imagenet,1,ILSVRC2012_val_00041990.JPEG,,,,20.48284149,5.29104757
294,imagenet,1,ILSVRC2012_val_00015626.JPEG,,,,-12.78237820,-13.18641186
295,imagenet,1,ILSVRC2012_val_00042306.JPEG,,,,-28.09777832,5.78778744
296,imagenet,1,ILSVRC2012_val_00009569.JPEG,,,,-25.35317421,-4.80127382
297,imagenet,1,ILSVRC2012_val_00006749.JPEG,,,,3.27816200,5.73450470
298,imagenet,1,ILSVRC2012_val_00015097.JPEG,,,,-24.87978935,0.31083870
299,imagenet,1,ILSVRC2012_val_00019427.JPEG,,,,31.10446930,-12.01544476
300,imagenet,1,ILSVRC2012_val_00029035.JPEG,,,,-27.98655891,18.22970963
301,imagenet,1,ILSVRC2012_val_00023477.JPEG,,,,18.09056473,13.11132526
302,imagenet,1,ILSVRC2012_val_00036172.JPEG,,,,24.29290771,-4.43071604
303,imagenet,1,ILSVRC2012_val_00015932.JPEG,,,,17.85966110,11.16656876
304,imagenet,1,ILSVRC2012_val_00046055.JPEG,,,,6.09549046,19.43692589
305,imagenet,1,ILSVRC2012_val_00042260.JPEG,,,,-4.23381138,25.81112862
306,imagenet,1,ILSVRC2012_val_00013909.JPEG,,,,38.95421219,-1.18758845
307,imagenet,1,ILSVRC2012_val_00001358.JPEG,,,,-29.94388199,13.95407391
308,imagenet,1,ILSVRC2012_val_00020185.JPEG,,,,13.08768082,-7.43756437
309,imagenet,1,ILSVRC2012_val_00001383.JPEG,,,,-12.36704540,-3.49369812
310,imagenet,1,ILSVRC2012_val_00043380.JPEG,,,,-22.17102051,18.51885796
311,imagenet,1,ILSVRC2012_val_00011622.JPEG,,,,-10.67778015,-8.08891106
312,imagenet,1,ILSVRC2012_val_00030904.JPEG,,,,-13.77282715,-0.33931014
313,imagenet,1,ILSVRC2012_val_00044341.JPEG,,,,33.77800751,-7.67866087
314,imagenet,1,ILSVRC2012_val_00038514.JPEG,,,,17.06944275,-7.48961878
315,imagenet,1,ILSVRC2012_val_00021210.JPEG,,,,28.40999985,-8.97697353
316,imagenet,1,ILSVRC2012_val_00036219.JPEG,,,,-30.49386978,10.94147587
317,imagenet,1,ILSVRC2012_val_00046273.JPEG,,,,28.36288643,-5.47185421
318,imagenet,1,ILSVRC2012_val_00019027.JPEG,,,,13.42639065,-16.23748016
319,imagenet,1,ILSVRC2012_val_00010668.JPEG,,,,15.82376289,-14.28588486
320,imagenet,1,ILSVRC2012_val_00030756.JPEG,,,,-10.02892303,6.44449425
321,imagenet,1,ILSVRC2012_val_00018749.JPEG,,,,-12.98294163,23.21949196
322,imagenet,1,ILSVRC2012_val_00010681.JPEG,,,,-28.57207489,9.54739094
323,imagenet,1,ILSVRC2012_val_00044344.JPEG,,,,18.73816109,2.37513328
324,imagenet,1,ILSVRC2012_val_00013085.JPEG,,,,-4.07227993,8.87556171
325,imagenet,1,ILSVRC2012_val_00020330.JPEG,,,,-15.07354450,3.36596560
326,imagenet,1,ILSVRC2012_val_00000471.JPEG,,,,-25.72277641,21.05548859
327,imagenet,1,ILSVRC2012_val_00000399.JPEG,,,,23.74458694,5.79401445
328,imagenet,1,ILSVRC2012_val_00042038.JPEG,,,,-23.01262093,5.88117409
329,imagenet,1,ILSVRC2012_val_00013626.JPEG,,,,28.66557312,-14.69938278
330,imagenet,1,ILSVRC2012_val_00033598.JPEG,,,,-21.54460144,20.15264511
331,imagenet,1,ILSVRC2012_val_00045195.JPEG,,,,-22.59698486,22.15906715
332,imagenet,1,ILSVRC2012_val_00005429.JPEG,,,,-27.35522842,-1.91743946
333,imagenet,1,ILSVRC2012_val_00003007.JPEG,,,,36.21869278,1.67637682
334,imagenet,1,ILSVRC2012_val_00027680.JPEG,,,,4.88192129,21.47356224
335,imagenet,1,ILSVRC2012_val_00002237.JPEG,,,,11.79191113,-8.13146019
336,imagenet,1,ILSVRC2012_val_00022792.JPEG,,,,-15.09686661,8.82110786
337,imagenet,1,ILSVRC2012_val_00012417.JPEG,,,,37.94836426,4.92187977
338,imagenet,1,ILSVRC2012_val_00033246.JPEG,,,,-12.63212395,-8.47681522
339,imagenet,1,ILSVRC2012_val_00037036.JPEG,,,,-9.40144253,19.82649994
340,imagenet,1,ILSVRC2012_val_00015177.JPEG,,,,-2.30605936,24.98369598
341,imagenet,1,ILSVRC2012_val_00049127.JPEG,,,,34.70665741,-0.39171273
342,imagenet,1,ILSVRC2012_val_00015625.JPEG,,,,-6.02200508,6.31561041
343,imagenet,1,ILSVRC2012_val_00006604.JPEG,,,,-16.84146500,6.11670637
344,imagenet,1,ILSVRC2012_val_00030489.JPEG,,,,-5.29595184,25.26711273
345,imagenet,1,ILSVRC2012_val_00048619.JPEG,,,,21.44930267,-17.18718910
346,imagenet,1,ILSVRC2012_val_00011346.JPEG,,,,16.18135071,-4.22810888
347,imagenet,1,ILSVRC2012_val_00008775.JPEG,,,,7.29613256,9.38705158
348,imagenet,1,ILSVRC2012_val_00049857.JPEG,,,,-6.06770325,9.51785183
349,imagenet,1,ILSVRC2012_val_00015904.JPEG,,,,36.21767426,0.34407377
350,imagenet,1,ILSVRC2012_val_00035670.JPEG,,,,-6.71381807,24.39356232
351,imagenet,1,ILSVRC2012_val_00049050.JPEG,,,,-5.15430975,25.07605934
352,imagenet,1,ILSVRC2012_val_00007630.JPEG,,,,-0.56954563,6.53443575
353,imagenet,1,ILSVRC2012_val_00011227.JPEG,,,,9.41217613,-4.53675508
354,imagenet,1,ILSVRC2012_val_00006336.JPEG,,,,31.78421593,-3.50979328
355,imagenet,1,ILSVRC2012_val_00031543.JPEG,,,,-25.98802185,-3.82382011
356,imagenet,1,ILSVRC2012_val_00035066.JPEG,,,,-20.53349113,12.20531940
357,imagenet,1,ILSVRC2012_val_00009656.JPEG,,,,-20.86920929,13.73250771
358,imagenet,1,ILSVRC2012_val_00003800.JPEG,,,,16.70061111,22.25699997
359,imagenet,1,ILSVRC2012_val_00026594.JPEG,,,,33.18171310,-1.91606140
360,imagenet,1,ILSVRC2012_val_00046566.JPEG,,,,15.27617359,19.99732590
361,imagenet,1,ILSVRC2012_val_00004183.JPEG,,,,20.72016525,14.66670132
362,imagenet,1,ILSVRC2012_val_00030559.JPEG,,,,5.32926226,-6.30542231
363,imagenet,1,ILSVRC2012_val_00001810.JPEG,,,,15.47372723,20.54550743
364,imagenet,1,ILSVRC2012_val_00044844.JPEG,,,,-18.69598579,18.58831787
365,imagenet,1,ILSVRC2012_val_00015431.JPEG,,,,-8.82933903,9.77163219
366,imagenet,1,ILSVRC2012_val_00039802.JPEG,,,,-2.97561073,14.47008514
367,imagenet,1,ILSVRC2012_val_00038913.JPEG,,,,-8.78784752,-11.07174969
368,imagenet,1,ILSVRC2012_val_00017607.JPEG,,,,17.57448578,19.19597244
369,imagenet,1,ILSVRC2012_val_00005538.JPEG,,,,-18.87582016,13.05933666
370,imagenet,1,ILSVRC2012_val_00024185.JPEG,,,,-9.87011719,1.66802847
371,imagenet,1,ILSVRC2012_val_00044589.JPEG,,,,-15.50281143,18.98685646
372,imagenet,1,ILSVRC2012_val_00015488.JPEG,,,,18.40178490,11.64821339
373,imagenet,1,ILSVRC2012_val_00020802.JPEG,,,,33.41320801,-7.85845232
374,imagenet,1,ILSVRC2012_val_00022357.JPEG,,,,-23.00662231,11.51902199
375,imagenet,1,ILSVRC2012_val_00009129.JPEG,,,,-5.65913534,26.64630318
376,imagenet,1,ILSVRC2012_val_00012358.JPEG,,,,-6.49554968,29.42420578
377,imagenet,1,ILSVRC2012_val_00044334.JPEG,,,,25.39319992,-7.77626371
378,imagenet,1,ILSVRC2012_val_00024563.JPEG,,,,2.86240911,20.87381172
379,imagenet,1,ILSVRC2012_val_00027119.JPEG,,,,-21.66924286,-3.70816445
380,imagenet,1,ILSVRC2012_val_00013732.JPEG,,,,16.65330505,17.61231613
381,imagenet,1,ILSVRC2012_val_00040046.JPEG,,,,-27.92062759,-2.27960563
382,imagenet,1,ILSVRC2012_val_00038837.JPEG,,,,-0.27969727,-39.05313873
383,imagenet,1,ILSVRC2012_val_00014961.JPEG,,,,-23.31623077,-5.41049814
384,imagenet,1,ILSVRC2012_val_00048163.JPEG,,,,-15.19487286,-13.60630703
385,imagenet,1,ILSVRC2012_val_00010911.JPEG,,,,-15.52917862,22.09668732
386,imagenet,1,ILSVRC2012_val_00031758.JPEG,,,,-20.44855690,18.68335152
387,imagenet,1,ILSVRC2012_val_00027815.JPEG,,,,27.25557709,10.89981270
388,imagenet,1,ILSVRC2012_val_00049764.JPEG,,,,-17.42919350,16.70787048
389,imagenet,1,ILSVRC2012_val_00039644.JPEG,,,,6.30724764,17.46539497
390,imagenet,1,ILSVRC2012_val_00017259.JPEG,,,,22.66869354,13.01705170
391,imagenet,1,ILSVRC2012_val_00027870.JPEG,,,,17.36715508,12.10069942
392,imagenet,1,ILSVRC2012_val_00026194.JPEG,,,,-24.17523575,-7.16521454
393,imagenet,1,ILSVRC2012_val_00041696.JPEG,,,,18.89459229,21.42885017
394,imagenet,1,ILSVRC2012_val_00011983.JPEG,,,,-23.45581055,-7.05739450
395,imagenet,1,ILSVRC2012_val_00032180.JPEG,,,,-24.71034050,-1.04525280
396,imagenet,1,ILSVRC2012_val_00015150.JPEG,,,,9.86446476,-7.29311562
397,imagenet,1,ILSVRC2012_val_00027046.JPEG,,,,-26.25477982,19.32164192
398,imagenet,1,ILSVRC2012_val_00002480.JPEG,,,,27.50053406,-10.69512272
399,imagenet,1,ILSVRC2012_val_00012612.JPEG,,,,-14.57045174,6.46533203
400,imagenet,1,ILSVRC2012_val_00023053.JPEG,,,,28.37011528,-15.53141499
401,imagenet,1,ILSVRC2012_val_00043644.JPEG,,,,-3.13576365,21.03258133
402,imagenet,1,ILSVRC2012_val_00046149.JPEG,,,,6.29099607,-2.14365864
403,imagenet,1,ILSVRC2012_val_00006571.JPEG,,,,4.23423052,-12.55435181
404,imagenet,1,ILSVRC2012_val_00002687.JPEG,,,,36.54621124,8.70800686
405,imagenet,1,ILSVRC2012_val_00036743.JPEG,,,,26.83478546,-1.82034123
406,imagenet,1,ILSVRC2012_val_00006509.JPEG,,,,7.31092453,23.43532562
407,imagenet,1,ILSVRC2012_val_00031562.JPEG,,,,24.39745522,12.18458080
408,imagenet,1,ILSVRC2012_val_00033216.JPEG,,,,17.57923317,-13.12145710
409,imagenet,1,ILSVRC2012_val_00042667.JPEG,,,,8.47815895,-13.87665939
410,imagenet,1,ILSVRC2012_val_00042224.JPEG,,,,28.72375298,0.15832594
411,imagenet,1,ILSVRC2012_val_00021909.JPEG,,,,-3.42693830,2.30077291
412,imagenet,1,ILSVRC2012_val_00009253.JPEG,,,,11.59740162,-14.45853996
413,imagenet,1,ILSVRC2012_val_00034182.JPEG,,,,-25.57412910,6.84343624
414,imagenet,1,ILSVRC2012_val_00029270.JPEG,,,,26.06909752,12.02879524
415,imagenet,1,ILSVRC2012_val_00045534.JPEG,,,,15.81822109,-3.44014359
416,imagenet,1,ILSVRC2012_val_00041618.JPEG,,,,-13.69474983,-1.04099405
417,imagenet,1,ILSVRC2012_val_00048379.JPEG,,,,16.04040146,-5.41627169
418,imagenet,1,ILSVRC2012_val_00014881.JPEG,,,,6.97278738,21.30459213
419,imagenet,1,ILSVRC2012_val_00042589.JPEG,,,,-14.10247612,20.45422173
420,imagenet,1,ILSVRC2012_val_00006618.JPEG,,,,29.66780853,-3.83573174
421,imagenet,1,ILSVRC2012_val_00028839.JPEG,,,,-3.79765725,2.68281198
422,imagenet,1,ILSVRC2012_val_00035171.JPEG,,,,-31.20605278,10.22139835
423,imagenet,1,ILSVRC2012_val_00049108.JPEG,,,,-30.05904388,6.98071814
424,imagenet,1,ILSVRC2012_val_00047718.JPEG,,,,22.31791306,-12.00815773
425,imagenet,1,ILSVRC2012_val_00009276.JPEG,,,,32.55090714,1.72353446
426,imagenet,1,ILSVRC2012_val_00002315.JPEG,,,,-5.74133444,-15.18966198
427,imagenet,1,ILSVRC2012_val_00021344.JPEG,,,,-23.53122520,15.52302074
428,imagenet,1,ILSVRC2012_val_00040181.JPEG,,,,-30.48594093,2.49311376
429,imagenet,1,ILSVRC2012_val_00033004.JPEG,,,,-32.82302475,8.42245102
430,imagenet,1,ILSVRC2012_val_00017412.JPEG,,,,-6.32377100,17.05876541
431,imagenet,1,ILSVRC2012_val_00022916.JPEG,,,,-22.66612244,3.72078300
432,imagenet,1,ILSVRC2012_val_00025536.JPEG,,,,-23.66296196,1.50162613
433,imagenet,1,ILSVRC2012_val_00037359.JPEG,,,,-4.80381155,21.04715729
434,imagenet,1,ILSVRC2012_val_00027015.JPEG,,,,25.56319427,-1.32708073
435,imagenet,1,ILSVRC2012_val_00001239.JPEG,,,,13.91408920,2.13601732
436,imagenet,1,ILSVRC2012_val_00040694.JPEG,,,,-20.23014450,7.38074589
437,imagenet,1,ILSVRC2012_val_00002696.JPEG,,,,-28.17922401,-4.39291668
438,imagenet,1,ILSVRC2012_val_00019698.JPEG,,,,24.88462067,-11.22221947
439,imagenet,1,ILSVRC2012_val_00006850.JPEG,,,,-34.49658203,9.91732025
440,imagenet,1,ILSVRC2012_val_00004788.JPEG,,,,-13.29959679,22.89395523
441,imagenet,1,ILSVRC2012_val_00031984.JPEG,,,,21.50480652,17.66494942
442,imagenet,1,ILSVRC2012_val_00045671.JPEG,,,,-13.47711945,-11.29245663
443,imagenet,1,ILSVRC2012_val_00025788.JPEG,,,,24.36197472,4.13893700
444,imagenet,1,ILSVRC2012_val_00014256.JPEG,,,,24.41801453,6.58268929
445,imagenet,1,ILSVRC2012_val_00019198.JPEG,,,,29.46541977,-7.07573175
446,imagenet,1,ILSVRC2012_val_00011013.JPEG,,,,-25.29886436,9.89387608
447,imagenet,1,ILSVRC2012_val_00010358.JPEG,,,,-25.93405151,9.28057098
448,imagenet,1,ILSVRC2012_val_00022608.JPEG,,,,17.11329842,19.74104500
449,imagenet,1,ILSVRC2012_val_00035747.JPEG,,,,-19.74942207,-11.12944698
450,imagenet,1,ILSVRC2012_val_00015996.JPEG,,,,-10.64689541,-7.29695034
451,imagenet,1,ILSVRC2012_val_00023057.JPEG,,,,41.18796158,-2.39315033
452,imagenet,1,ILSVRC2012_val_00027679.JPEG,,,,-8.40308571,26.24052620
453,imagenet,1,ILSVRC2012_val_00040151.JPEG,,,,5.43785572,23.80856514
454,imagenet,1,ILSVRC2012_val_00011249.JPEG,,,,25.32741165,11.75232029
455,imagenet,1,ILSVRC2012_val_00020820.JPEG,,,,2.01945925,-8.07343006
456,imagenet,1,ILSVRC2012_val_00037089.JPEG,,,,7.32646608,-11.02464104
457,imagenet,1,ILSVRC2012_val_00015425.JPEG,,,,31.38340759,-4.24682140
458,imagenet,1,ILSVRC2012_val_00044752.JPEG,,,,11.51872635,-1.94879651
459,imagenet,1,ILSVRC2012_val_00028420.JPEG,,,,-25.71679878,3.07004476
460,imagenet,1,ILSVRC2012_val_00039806.JPEG,,,,35.57947922,0.38947967
461,imagenet,1,ILSVRC2012_val_00020033.JPEG,,,,-11.62428188,3.46938777
462,imagenet,1,ILSVRC2012_val_00029573.JPEG,,,,33.57884598,-0.71764231
463,imagenet,1,ILSVRC2012_val_00040020.JPEG,,,,-16.98690414,15.12256908
464,imagenet,1,ILSVRC2012_val_00047937.JPEG,,,,21.35907364,17.12210464
465,imagenet,1,ILSVRC2012_val_00040872.JPEG,,,,-1.11111009,-42.45412445
466,imagenet,1,ILSVRC2012_val_00030671.JPEG,,,,-9.70855141,22.19028282
467,imagenet,1,ILSVRC2012_val_00031815.JPEG,,,,20.96410179,16.73623848
468,imagenet,1,ILSVRC2012_val_00031209.JPEG,,,,27.66115379,-4.76348257
469,imagenet,1,ILSVRC2012_val_00013256.JPEG,,,,-26.37638092,10.57194901
470,imagenet,1,ILSVRC2012_val_00043029.JPEG,,,,12.80467415,-18.22293663
471,imagenet,1,ILSVRC2012_val_00000043.JPEG,,,,-6.36209011,11.31406975
472,imagenet,1,ILSVRC2012_val_00048001.JPEG,,,,-0.72343874,-0.35838562
473,imagenet,1,ILSVRC2012_val_00017905.JPEG,,,,-14.84977150,10.36605167
474,imagenet,1,ILSVRC2012_val_00047665.JPEG,,,,-21.68169785,10.01316929
475,imagenet,1,ILSVRC2012_val_00048207.JPEG,,,,-16.42056274,0.30401823
476,imagenet,1,ILSVRC2012_val_00043231.JPEG,,,,-16.77827454,-10.73199940
477,imagenet,1,ILSVRC2012_val_00028886.JPEG,,,,22.50208282,-14.20564079
478,imagenet,1,ILSVRC2012_val_00045674.JPEG,,,,6.50456333,-8.99132538
479,imagenet,1,ILSVRC2012_val_00013582.JPEG,,,,6.50248957,9.96306896
480,imagenet,1,ILSVRC2012_val_00032252.JPEG,,,,18.23499870,-0.39295122
481,imagenet,1,ILSVRC2012_val_00017510.JPEG,,,,25.36058807,-4.66236496
482,imagenet,1,ILSVRC2012_val_00011930.JPEG,,,,26.82090187,7.57541704
483,imagenet,1,ILSVRC2012_val_00043500.JPEG,,,,-24.29539490,18.47456551
484,imagenet,1,ILSVRC2012_val_00043842.JPEG,,,,29.02146721,-7.36433220
485,imagenet,1,ILSVRC2012_val_00001467.JPEG,,,,20.75268364,10.50734711
486,imagenet,1,ILSVRC2012_val_00029288.JPEG,,,,-19.91486740,10.58235645
487,imagenet,1,ILSVRC2012_val_00017735.JPEG,,,,-28.73117065,11.94664574
488,imagenet,1,ILSVRC2012_val_00009625.JPEG,,,,-10.26724243,-11.95838165
489,imagenet,1,ILSVRC2012_val_00007056.JPEG,,,,28.28897095,8.31213379
490,imagenet,1,ILSVRC2012_val_00014731.JPEG,,,,-27.24201584,10.00378609
491,imagenet,1,ILSVRC2012_val_00025024.JPEG,,,,34.69587708,-1.47660589
492,imagenet,1,ILSVRC2012_val_00029172.JPEG,,,,10.74033451,-12.10259438
493,imagenet,1,ILSVRC2012_val_00022693.JPEG,,,,0.66080844,12.39868259
494,imagenet,1,ILSVRC2012_val_00021701.JPEG,,,,32.41112518,8.44851780
495,imagenet,1,ILSVRC2012_val_00003984.JPEG,,,,-17.41605186,12.96739101
496,imagenet,1,ILSVRC2012_val_00021681.JPEG,,,,-33.79747009,1.62973058
497,imagenet,1,ILSVRC2012_val_00017798.JPEG,,,,35.22805405,6.62983894
498,imagenet,1,ILSVRC2012_val_00045470.JPEG,,,,36.01901245,-2.45426798
499,imagenet,1,ILSVRC2012_val_00006586.JPEG,,,,14.90577888,10.59274292
500,imagenet,1,ILSVRC2012_val_00031988.JPEG,,,,34.90965271,-0.43313238
501,imagenet,1,ILSVRC2012_val_00046580.JPEG,,,,-26.13783836,13.44056511
502,imagenet,1,ILSVRC2012_val_00044869.JPEG,,,,31.98006248,-9.30686951
503,imagenet,1,ILSVRC2012_val_00000515.JPEG,,,,23.02887535,-4.17289448
504,imagenet,1,ILSVRC2012_val_00029837.JPEG,,,,22.72411537,-11.77555466
505,imagenet,1,ILSVRC2012_val_00007966.JPEG,,,,35.76709747,7.93122387
506,imagenet,1,ILSVRC2012_val_00034677.JPEG,,,,-22.26236916,19.40044403
507,imagenet,1,ILSVRC2012_val_00046290.JPEG,,,,13.92958355,-2.85120606
508,imagenet,1,ILSVRC2012_val_00010546.JPEG,,,,-25.48868179,5.14302158
509,imagenet,1,ILSVRC2012_val_00014768.JPEG,,,,-8.43344021,10.29649067
510,imagenet,1,ILSVRC2012_val_00021152.JPEG,,,,-0.97715229,15.35188675
511,imagenet,1,ILSVRC2012_val_00019605.JPEG,,,,32.76527023,-5.87576962
512,imagenet,1,ILSVRC2012_val_00016733.JPEG,,,,-12.38772488,-9.87543678
513,imagenet,1,ILSVRC2012_val_00003682.JPEG,,,,-3.66972852,-12.32461452
514,imagenet,1,ILSVRC2012_val_00001022.JPEG,,,,12.77947998,15.47956848
515,imagenet,1,ILSVRC2012_val_00040382.JPEG,,,,14.99511242,0.82899517
516,imagenet,1,ILSVRC2012_val_00040011.JPEG,,,,-25.40444374,5.94611216
517,imagenet,1,ILSVRC2012_val_00013165.JPEG,,,,10.27463627,-2.34950829
518,imagenet,1,ILSVRC2012_val_00007281.JPEG,,,,-20.54148293,2.45215583
519,imagenet,1,ILSVRC2012_val_00041059.JPEG,,,,21.96478462,16.61205482
520,imagenet,1,ILSVRC2012_val_00012396.JPEG,,,,35.16038513,-1.92953634
521,imagenet,1,ILSVRC2012_val_00035388.JPEG,,,,17.67712593,14.87597275
522,imagenet,1,ILSVRC2012_val_00030637.JPEG,,,,29.61521721,0.94340318
523,imagenet,1,ILSVRC2012_val_00000325.JPEG,,,,-19.45115089,15.64744377
524,imagenet,1,ILSVRC2012_val_00008884.JPEG,,,,-20.76747131,-2.10674739
525,imagenet,1,ILSVRC2012_val_00031274.JPEG,,,,-26.86789703,-0.78024739
526,imagenet,1,ILSVRC2012_val_00028028.JPEG,,,,-9.33086014,-15.31624413
527,imagenet,1,ILSVRC2012_val_00046963.JPEG,,,,-7.42012882,0.86989832
528,imagenet,1,ILSVRC2012_val_00015317.JPEG,,,,32.28593826,-4.41690683
529,imagenet,1,ILSVRC2012_val_00048717.JPEG,,,,4.38082504,7.80769348
530,imagenet,1,ILSVRC2012_val_00049332.JPEG,,,,-9.59236240,27.16724205
531,imagenet,1,ILSVRC2012_val_00007337.JPEG,,,,27.62006187,9.68997002
532,imagenet,1,ILSVRC2012_val_00045768.JPEG,,,,-15.18000889,4.17616463
533,imagenet,1,ILSVRC2012_val_00015719.JPEG,,,,22.40259933,-7.83322477
534,imagenet,1,ILSVRC2012_val_00046132.JPEG,,,,21.23546982,19.96328735
535,imagenet,1,ILSVRC2012_val_00027105.JPEG,,,,-29.67383003,14.21409702
536,imagenet,1,ILSVRC2012_val_00008578.JPEG,,,,-12.15698242,-12.64433098
537,imagenet,1,ILSVRC2012_val_00022436.JPEG,,,,-17.42859650,11.72681618
538,imagenet,1,ILSVRC2012_val_00011536.JPEG,,,,34.89613724,4.80533886
539,imagenet,1,ILSVRC2012_val_00043867.JPEG,,,,30.29785919,7.53074932
540,imagenet,1,ILSVRC2012_val_00007188.JPEG,,,,-8.77983856,6.79446840
541,imagenet,1,ILSVRC2012_val_00012576.JPEG,,,,-21.03012657,2.74250412
542,imagenet,1,ILSVRC2012_val_00037653.JPEG,,,,-11.65028381,-0.98864776
543,imagenet,1,ILSVRC2012_val_00031780.JPEG,,,,-29.03014374,-2.04201746
544,imagenet,1,ILSVRC2012_val_00010178.JPEG,,,,-25.30331993,15.64871216
545,imagenet,1,ILSVRC2012_val_00012756.JPEG,,,,-21.97459030,-2.45887351
546,imagenet,1,ILSVRC2012_val_00009974.JPEG,,,,33.95368195,1.16818357
547,imagenet,1,ILSVRC2012_val_00026294.JPEG,,,,-5.29006767,19.08269119
548,imagenet,1,ILSVRC2012_val_00021454.JPEG,,,,13.95800400,-5.71513367
549,imagenet,1,ILSVRC2012_val_00021839.JPEG,,,,-25.85057640,-1.20685327
550,imagenet,1,ILSVRC2012_val_00046622.JPEG,,,,14.44949722,-2.51931500
551,imagenet,1,ILSVRC2012_val_00008468.JPEG,,,,32.00878525,-1.01177359
552,imagenet,1,ILSVRC2012_val_00003477.JPEG,,,,-25.45131683,17.74553108
553,imagenet,1,ILSVRC2012_val_00024207.JPEG,,,,14.03001022,-4.78816366
554,imagenet,1,ILSVRC2012_val_00025868.JPEG,,,,-7.07155848,1.01362348
555,imagenet,1,ILSVRC2012_val_00002298.JPEG,,,,-11.80346680,5.59632063
556,imagenet,1,ILSVRC2012_val_00029179.JPEG,,,,-28.25204277,15.98623943
557,imagenet,1,ILSVRC2012_val_00020507.JPEG,,,,-18.03627205,5.74843931
558,imagenet,1,ILSVRC2012_val_00016579.JPEG,,,,35.68714142,2.64131689
559,imagenet,1,ILSVRC2012_val_00035164.JPEG,,,,-27.09464073,0.07710910
560,imagenet,1,ILSVRC2012_val_00027851.JPEG,,,,-17.60801125,2.45559883
561,imagenet,1,ILSVRC2012_val_00022699.JPEG,,,,-29.48198509,-4.11258936
562,imagenet,1,ILSVRC2012_val_00042547.JPEG,,,,-8.92036343,-16.09419823
563,imagenet,1,ILSVRC2012_val_00025503.JPEG,,,,2.54635692,25.15147209
564,imagenet,1,ILSVRC2012_val_00001618.JPEG,,,,-13.92961884,2.70929933
565,imagenet,1,ILSVRC2012_val_00029684.JPEG,,,,14.59552670,17.47962379
566,imagenet,1,ILSVRC2012_val_00036976.JPEG,,,,-14.85477352,17.06101418
567,imagenet,1,ILSVRC2012_val_00011672.JPEG,,,,-2.66443491,-11.05141640
568,imagenet,1,ILSVRC2012_val_00018374.JPEG,,,,-1.82906735,28.50219727
569,imagenet,1,ILSVRC2012_val_00048369.JPEG,,,,12.62605190,-17.98489380
570,imagenet,1,ILSVRC2012_val_00041143.JPEG,,,,-13.46091843,16.36676025
571,imagenet,1,ILSVRC2012_val_00002259.JPEG,,,,-26.36975288,4.09785843
572,imagenet,1,ILSVRC2012_val_00006425.JPEG,,,,20.41705894,-14.61060047
573,imagenet,1,ILSVRC2012_val_00040573.JPEG,,,,-23.92787170,18.46296310
574,imagenet,1,ILSVRC2012_val_00021040.JPEG,,,,-12.77761173,8.71646976
575,imagenet,1,ILSVRC2012_val_00026327.JPEG,,,,38.53917694,1.22988617
576,imagenet,1,ILSVRC2012_val_00006925.JPEG,,,,-23.02052116,15.38521671
577,imagenet,1,ILSVRC2012_val_00014118.JPEG,,,,-10.80005360,23.99281120
578,imagenet,1,ILSVRC2012_val_00010000.JPEG,,,,-23.73959541,-4.48290443
579,imagenet,1,ILSVRC2012_val_00022291.JPEG,,,,30.12415695,-7.18850040
580,imagenet,1,ILSVRC2012_val_00015486.JPEG,,,,28.58484840,-14.07174873
581,imagenet,1,ILSVRC2012_val_00015947.JPEG,,,,-17.82132721,21.69082069
582,imagenet,1,ILSVRC2012_val_00030427.JPEG,,,,-7.72106218,-2.59109282
583,imagenet,1,ILSVRC2012_val_00024285.JPEG,,,,16.79757309,-6.11256266
584,imagenet,1,ILSVRC2012_val_00049847.JPEG,,,,24.59776306,-11.58713531
585,imagenet,1,ILSVRC2012_val_00044526.JPEG,,,,17.16017723,-9.70690346
586,imagenet,1,ILSVRC2012_val_00003987.JPEG,,,,21.17843056,-14.85301304
587,imagenet,1,ILSVRC2012_val_00002408.JPEG,,,,-30.27470589,8.57055473
588,imagenet,1,ILSVRC2012_val_00001015.JPEG,,,,-0.94680816,12.42011356
589,imagenet,1,ILSVRC2012_val_00039527.JPEG,,,,12.39510345,-4.73647165
590,imagenet,1,ILSVRC2012_val_00049497.JPEG,,,,6.08814621,23.14235878
591,imagenet,1,ILSVRC2012_val_00018029.JPEG,,,,2.68592644,-41.01980209
592,imagenet,1,ILSVRC2012_val_00000167.JPEG,,,,-26.44986534,5.15619564
593,imagenet,1,ILSVRC2012_val_00028297.JPEG,,,,32.46369553,13.09971809
594,imagenet,1,ILSVRC2012_val_00020778.JPEG,,,,-29.12784767,10.85952187
595,imagenet,1,ILSVRC2012_val_00028105.JPEG,,,,-9.93904686,-13.36056805
596,imagenet,1,ILSVRC2012_val_00000567.JPEG,,,,-23.74333000,21.77330780
597,imagenet,1,ILSVRC2012_val_00013816.JPEG,,,,-22.56437302,1.38572562
598,imagenet,1,ILSVRC2012_val_00041866.JPEG,,,,-19.61122704,-3.90543079
599,imagenet,1,ILSVRC2012_val_00048583.JPEG,,,,-23.64805984,1.10329449
600,imagenet,1,ILSVRC2012_val_00012071.JPEG,,,,-27.19535065,11.02627373
601,imagenet,1,ILSVRC2012_val_00040488.JPEG,,,,11.62345695,-9.02719021
602,imagenet,1,ILSVRC2012_val_00037737.JPEG,,,,-13.90442562,-8.16027832
603,imagenet,1,ILSVRC2012_val_00017772.JPEG,,,,31.94458961,8.08194542
604,imagenet,1,ILSVRC2012_val_00020048.JPEG,,,,-20.32755470,0.14958532
605,imagenet,1,ILSVRC2012_val_00029879.JPEG,,,,34.10970306,-0.34724703
606,imagenet,1,ILSVRC2012_val_00021770.JPEG,,,,26.83807755,13.56549740
607,imagenet,1,ILSVRC2012_val_00032504.JPEG,,,,20.69589996,9.97977352
608,imagenet,1,ILSVRC2012_val_00036478.JPEG,,,,27.97497559,17.84244919
609,imagenet,1,ILSVRC2012_val_00036385.JPEG,,,,-8.59144020,-17.40583801
610,imagenet,1,ILSVRC2012_val_00011421.JPEG,,,,-22.77775383,4.84946823
611,imagenet,1,ILSVRC2012_val_00009287.JPEG,,,,31.13570976,8.29023170
612,imagenet,1,ILSVRC2012_val_00018855.JPEG,,,,14.06590080,17.41401100
613,imagenet,1,ILSVRC2012_val_00006357.JPEG,,,,-22.55147743,24.13360596
614,imagenet,1,ILSVRC2012_val_00013624.JPEG,,,,37.02176285,0.86206073
615,imagenet,1,ILSVRC2012_val_00000074.JPEG,,,,-35.29801178,9.16080952
616,imagenet,1,ILSVRC2012_val_00041785.JPEG,,,,5.87619400,24.92672729
617,imagenet,1,ILSVRC2012_val_00032905.JPEG,,,,6.89125443,17.97153091
618,imagenet,1,ILSVRC2012_val_00013498.JPEG,,,,-13.78770351,18.24240112
619,imagenet,1,ILSVRC2012_val_00033655.JPEG,,,,10.08058739,-2.52584362
620,imagenet,1,ILSVRC2012_val_00025488.JPEG,,,,2.34666443,11.46208286
621,imagenet,1,ILSVRC2012_val_00037092.JPEG,,,,7.91431999,12.90347958
622,imagenet,1,ILSVRC2012_val_00040159.JPEG,,,,4.40178251,-6.83084393
623,imagenet,1,ILSVRC2012_val_00003538.JPEG,,,,-13.14914989,13.19900894
624,imagenet,1,ILSVRC2012_val_00037810.JPEG,,,,-3.31415462,-10.50574780
625,imagenet,1,ILSVRC2012_val_00013132.JPEG,,,,-23.84764481,8.68931389
626,imagenet,1,ILSVRC2012_val_00003723.JPEG,,,,29.89164543,8.86984730
627,imagenet,1,ILSVRC2012_val_00031597.JPEG,,,,-19.90058517,-10.73836422
628,imagenet,1,ILSVRC2012_val_00018440.JPEG,,,,28.09712029,4.27970982
629,imagenet,1,ILSVRC2012_val_00039281.JPEG,,,,20.94305229,5.45272923
630,imagenet,1,ILSVRC2012_val_00017713.JPEG,,,,15.45365334,18.67829895
631,imagenet,1,ILSVRC2012_val_00023116.JPEG,,,,24.70447922,-6.94550180
632,imagenet,1,ILSVRC2012_val_00017616.JPEG,,,,-14.55765724,15.39011383
633,imagenet,1,ILSVRC2012_val_00006665.JPEG,,,,-11.45238590,-7.78819942
634,imagenet,1,ILSVRC2012_val_00007500.JPEG,,,,-28.95652390,7.14302444
635,imagenet,1,ILSVRC2012_val_00005567.JPEG,,,,-2.26119661,5.74358797
636,imagenet,1,ILSVRC2012_val_00035032.JPEG,,,,-20.66838455,-6.00926876
637,imagenet,1,ILSVRC2012_val_00023493.JPEG,,,,30.04843521,-12.04141331
638,imagenet,1,ILSVRC2012_val_00025914.JPEG,,,,3.92107177,-11.77744961
639,imagenet,1,ILSVRC2012_val_00041305.JPEG,,,,-7.83424139,12.50372696
640,imagenet,1,ILSVRC2012_val_00019770.JPEG,,,,22.36823845,2.01480269
641,imagenet,1,ILSVRC2012_val_00021293.JPEG,,,,37.82096481,2.94111633
642,imagenet,1,ILSVRC2012_val_00002666.JPEG,,,,-29.28607750,1.38990223
643,imagenet,1,ILSVRC2012_val_00023823.JPEG,,,,-16.57631493,-0.71907783
644,imagenet,1,ILSVRC2012_val_00048078.JPEG,,,,-24.49813080,2.56501794
645,imagenet,1,ILSVRC2012_val_00008994.JPEG,,,,-6.75833368,18.17968178
646,imagenet,1,ILSVRC2012_val_00020440.JPEG,,,,14.54950047,20.07153511
647,imagenet,1,ILSVRC2012_val_00022404.JPEG,,,,21.18255997,-1.50402522
648,imagenet,1,ILSVRC2012_val_00034779.JPEG,,,,36.67855072,1.14816236
649,imagenet,1,ILSVRC2012_val_00046180.JPEG,,,,4.51374578,22.59527016
650,imagenet,1,ILSVRC2012_val_00030905.JPEG,,,,-19.96831512,15.00658607
651,imagenet,1,ILSVRC2012_val_00043495.JPEG,,,,16.42119026,-15.68086243
652,imagenet,1,ILSVRC2012_val_00022765.JPEG,,,,30.14648438,-4.89081812
653,imagenet,1,ILSVRC2012_val_00016049.JPEG,,,,-27.59280205,-7.96789026
654,imagenet,1,ILSVRC2012_val_00007161.JPEG,,,,29.73709869,-6.69914055
655,imagenet,1,ILSVRC2012_val_00049566.JPEG,,,,-18.07013512,-13.88199615
656,imagenet,1,ILSVRC2012_val_00020450.JPEG,,,,28.46998596,-7.44570255
657,imagenet,1,ILSVRC2012_val_00033186.JPEG,,,,-27.56697464,5.29959440
658,imagenet,1,ILSVRC2012_val_00016475.JPEG,,,,-31.04442215,-5.38361454
659,imagenet,1,ILSVRC2012_val_00016196.JPEG,,,,29.71493149,0.99608666
660,imagenet,1,ILSVRC2012_val_00006842.JPEG,,,,34.92176437,-2.77717519
661,imagenet,1,ILSVRC2012_val_00029819.JPEG,,,,36.22418976,-0.44009134
662,imagenet,1,ILSVRC2012_val_00000453.JPEG,,,,-8.55819416,16.27119446
663,imagenet,1,ILSVRC2012_val_00015925.JPEG,,,,-15.81064606,-14.19200897
664,imagenet,1,ILSVRC2012_val_00036571.JPEG,,,,-21.13984871,9.02594280
665,imagenet,1,ILSVRC2012_val_00040227.JPEG,,,,-7.56795931,12.03135777
666,imagenet,1,ILSVRC2012_val_00040779.JPEG,,,,-25.30866623,19.56720924
667,imagenet,1,ILSVRC2012_val_00027413.JPEG,,,,23.30230331,14.79783440
668,imagenet,1,ILSVRC2012_val_00013986.JPEG,,,,-33.45045090,2.06438208
669,imagenet,1,ILSVRC2012_val_00029437.JPEG,,,,23.24603653,8.22747612
670,imagenet,1,ILSVRC2012_val_00018019.JPEG,,,,24.93842506,16.53922653
671,imagenet,1,ILSVRC2012_val_00035184.JPEG,,,,7.74007225,2.45467877
672,imagenet,1,ILSVRC2012_val_00045549.JPEG,,,,30.65242767,10.12279224
673,imagenet,1,ILSVRC2012_val_00043246.JPEG,,,,-12.87765312,14.81683636
674,imagenet,1,ILSVRC2012_val_00008457.JPEG,,,,9.18397999,-10.58385658
675,imagenet,1,ILSVRC2012_val_00031708.JPEG,,,,15.68754292,-12.79228401
676,imagenet,1,ILSVRC2012_val_00030684.JPEG,,,,31.96727753,-5.12065172
677,imagenet,1,ILSVRC2012_val_00035724.JPEG,,,,17.70505905,-13.64804840
678,imagenet,1,ILSVRC2012_val_00047402.JPEG,,,,10.84698009,-15.03421116
679,imagenet,1,ILSVRC2012_val_00001170.JPEG,,,,-18.89461899,-7.72750139
680,imagenet,1,ILSVRC2012_val_00012026.JPEG,,,,22.25207138,12.33658409
681,imagenet,1,ILSVRC2012_val_00043236.JPEG,,,,-23.02222443,-10.70380020
682,imagenet,1,ILSVRC2012_val_00014696.JPEG,,,,-31.81482506,2.95936251
683,imagenet,1,ILSVRC2012_val_00022886.JPEG,,,,-11.26651478,4.64113712
684,imagenet,1,ILSVRC2012_val_00005565.JPEG,,,,31.56377029,5.04271507
685,imagenet,1,ILSVRC2012_val_00015605.JPEG,,,,5.79927015,17.32133102
686,imagenet,1,ILSVRC2012_val_00025936.JPEG,,,,20.65238190,-3.10409665
687,imagenet,1,ILSVRC2012_val_00023025.JPEG,,,,-15.65950298,-6.17619944
688,imagenet,1,ILSVRC2012_val_00043043.JPEG,,,,-27.04849052,2.40832472
689,imagenet,1,ILSVRC2012_val_00036925.JPEG,,,,-6.13127899,9.28775787
690,imagenet,1,ILSVRC2012_val_00027183.JPEG,,,,39.65874100,-3.57025981
691,imagenet,1,ILSVRC2012_val_00001211.JPEG,,,,0.85594237,-38.84156418
692,imagenet,1,ILSVRC2012_val_00049814.JPEG,,,,-21.22875595,21.93483543
693,imagenet,1,ILSVRC2012_val_00015306.JPEG,,,,18.16846085,-3.91935897
694,imagenet,1,ILSVRC2012_val_00004097.JPEG,,,,1.29499853,-7.94265652
695,imagenet,1,ILSVRC2012_val_00026891.JPEG,,,,-10.20466232,-10.57849312
696,imagenet,1,ILSVRC2012_val_00023674.JPEG,,,,23.52529716,-9.06332493
697,imagenet,1,ILSVRC2012_val_00040436.JPEG,,,,-27.26699448,9.23913288
698,imagenet,1,ILSVRC2012_val_00011251.JPEG,,,,30.74867439,-10.41555405
699,imagenet,1,ILSVRC2012_val_00016437.JPEG,,,,31.39499092,9.00473595
700,imagenet,1,ILSVRC2012_val_00044725.JPEG,,,,-19.62862587,-10.65811729
701,imagenet,1,ILSVRC2012_val_00025587.JPEG,,,,10.20437145,-7.83265638
702,imagenet,1,ILSVRC2012_val_00014311.JPEG,,,,5.35974550,23.78024673
703,imagenet,1,ILSVRC2012_val_00010944.JPEG,,,,-3.89869308,21.62166595
704,imagenet,1,ILSVRC2012_val_00010755.JPEG,,,,25.73222733,12.62340164
705,imagenet,1,ILSVRC2012_val_00006602.JPEG,,,,3.46384549,5.71012497
706,imagenet,1,ILSVRC2012_val_00004998.JPEG,,,,37.15076447,-0.61031657
707,imagenet,1,ILSVRC2012_val_00045148.JPEG,,,,9.33427334,-10.35885525
708,imagenet,1,ILSVRC2012_val_00004498.JPEG,,,,23.63022041,-11.53808784
709,imagenet,1,ILSVRC2012_val_00006033.JPEG,,,,-28.12118530,6.75236034
710,imagenet,1,ILSVRC2012_val_00046300.JPEG,,,,-22.08983231,1.26463604
711,imagenet,1,ILSVRC2012_val_00035689.JPEG,,,,26.71273232,13.13565922
712,imagenet,1,ILSVRC2012_val_00032049.JPEG,,,,4.13369894,24.89361191
713,imagenet,1,ILSVRC2012_val_00032687.JPEG,,,,-0.55594617,16.89975357
714,imagenet,1,ILSVRC2012_val_00039356.JPEG,,,,0.39072102,20.02246284
715,imagenet,1,ILSVRC2012_val_00010714.JPEG,,,,28.38792229,12.13285446
716,imagenet,1,ILSVRC2012_val_00030121.JPEG,,,,-32.50119019,-4.17275000
717,imagenet,1,ILSVRC2012_val_00017538.JPEG,,,,-20.39975739,4.75050449
718,imagenet,1,ILSVRC2012_val_00025623.JPEG,,,,12.61905956,10.71886826
719,imagenet,1,ILSVRC2012_val_00026273.JPEG,,,,11.08797073,-5.10415411
720,imagenet,1,ILSVRC2012_val_00023774.JPEG,,,,27.15553284,-11.49538136
721,imagenet,1,ILSVRC2012_val_00035626.JPEG,,,,-10.40104961,25.64058113
722,imagenet,1,ILSVRC2012_val_00045474.JPEG,,,,19.92232704,-1.75974572
723,imagenet,1,ILSVRC2012_val_00042139.JPEG,,,,27.00670815,16.63788414
724,imagenet,1,ILSVRC2012_val_00023261.JPEG,,,,6.64413929,-2.98586011
725,imagenet,1,ILSVRC2012_val_00013882.JPEG,,,,-11.80908966,-8.86781025
726,imagenet,1,ILSVRC2012_val_00031237.JPEG,,,,15.81769466,16.82560539
727,imagenet,1,ILSVRC2012_val_00038934.JPEG,,,,-25.21409798,-0.39430237
728,imagenet,1,ILSVRC2012_val_00028639.JPEG,,,,-23.49552155,15.83220005
729,imagenet,1,ILSVRC2012_val_00031875.JPEG,,,,-2.25046539,8.72890091
730,imagenet,1,ILSVRC2012_val_00045581.JPEG,,,,-3.17612481,5.62325096
731,imagenet,1,ILSVRC2012_val_00025959.JPEG,,,,-10.70057774,28.95735741
732,imagenet,1,ILSVRC2012_val_00038146.JPEG,,,,-25.51529503,20.19699860
733,imagenet,1,ILSVRC2012_val_00032763.JPEG,,,,-17.72438049,20.89534187
734,imagenet,1,ILSVRC2012_val_00043390.JPEG,,,,-20.59529877,-8.58126926
735,imagenet,1,ILSVRC2012_val_00036411.JPEG,,,,30.19186020,-3.68497467
736,imagenet,1,ILSVRC2012_val_00039913.JPEG,,,,-1.57067835,12.64272976
737,imagenet,1,ILSVRC2012_val_00016441.JPEG,,,,-18.90617752,13.56780720
738,imagenet,1,ILSVRC2012_val_00042254.JPEG,,,,-18.60128975,-3.78943491
739,imagenet,1,ILSVRC2012_val_00006196.JPEG,,,,27.40843010,9.03834629
740,imagenet,1,ILSVRC2012_val_00010688.JPEG,,,,-4.51107454,8.09655380
741,imagenet,1,ILSVRC2012_val_00009182.JPEG,,,,-19.23092461,-14.27532196
742,imagenet,1,ILSVRC2012_val_00047085.JPEG,,,,-14.81686974,23.52119255
743,imagenet,1,ILSVRC2012_val_00034379.JPEG,,,,21.32322311,-9.49187946
744,imagenet,1,ILSVRC2012_val_00028644.JPEG,,,,-23.87496948,-4.70634460
745,imagenet,1,ILSVRC2012_val_00002538.JPEG,,,,31.51428223,12.57079697
746,imagenet,1,ILSVRC2012_val_00026550.JPEG,,,,-2.29754329,24.64683342
747,imagenet,1,ILSVRC2012_val_00015773.JPEG,,,,14.94375515,14.97407818
748,imagenet,1,ILSVRC2012_val_00030922.JPEG,,,,-19.22542000,-8.64779568
749,imagenet,1,ILSVRC2012_val_00007688.JPEG,,,,19.26797295,-5.69173336
750,imagenet,1,ILSVRC2012_val_00017699.JPEG,,,,-16.59694099,-12.61452007
751,imagenet,1,ILSVRC2012_val_00046766.JPEG,,,,38.57119370,-4.13464737
752,imagenet,1,ILSVRC2012_val_00019420.JPEG,,,,-25.62829590,3.94239855
753,imagenet,1,ILSVRC2012_val_00012148.JPEG,,,,38.67005539,-4.65670395
754,imagenet,1,ILSVRC2012_val_00023090.JPEG,,,,12.20102119,-8.32150269
755,imagenet,1,ILSVRC2012_val_00038869.JPEG,,,,32.89697266,-9.36158657
756,imagenet,1,ILSVRC2012_val_00006312.JPEG,,,,4.22234011,23.98496437
757,imagenet,1,ILSVRC2012_val_00017844.JPEG,,,,33.64022827,2.87558198
758,imagenet,1,ILSVRC2012_val_00018328.JPEG,,,,23.25254250,6.14509964
759,imagenet,1,ILSVRC2012_val_00041546.JPEG,,,,28.28494835,3.90463233
760,imagenet,1,ILSVRC2012_val_00010884.JPEG,,,,-8.48285294,11.61351776
761,imagenet,1,ILSVRC2012_val_00021218.JPEG,,,,-26.60393524,7.28119373
762,imagenet,1,ILSVRC2012_val_00033817.JPEG,,,,-13.31455421,17.68588638
763,imagenet,1,ILSVRC2012_val_00014717.JPEG,,,,30.29140854,-2.13088989
764,imagenet,1,ILSVRC2012_val_00020639.JPEG,,,,-10.25513268,25.18012428
765,imagenet,1,ILSVRC2012_val_00007953.JPEG,,,,-20.23625565,-13.44254494
766,imagenet,1,ILSVRC2012_val_00044980.JPEG,,,,-10.14711380,16.03803062
767,imagenet,1,ILSVRC2012_val_00032910.JPEG,,,,36.79370499,2.41063023
768,imagenet,1,ILSVRC2012_val_00023519.JPEG,,,,10.53695011,-15.75214672
769,imagenet,1,ILSVRC2012_val_00032670.JPEG,,,,29.42015266,-2.43196011
770,imagenet,1,ILSVRC2012_val_00039332.JPEG,,,,6.49444771,21.47308540
771,imagenet,1,ILSVRC2012_val_00004033.JPEG,,,,-11.99835110,-15.47365093
772,imagenet,1,ILSVRC2012_val_00017306.JPEG,,,,-17.80053329,16.84846687
773,imagenet,1,ILSVRC2012_val_00001115.JPEG,,,,3.06763291,12.20953465
774,imagenet,1,ILSVRC2012_val_00017679.JPEG,,,,-21.27000237,-12.55794334
775,imagenet,1,ILSVRC2012_val_00007730.JPEG,,,,33.74779892,-1.99512541
776,imagenet,1,ILSVRC2012_val_00039324.JPEG,,,,35.55840302,1.05346179
777,imagenet,1,ILSVRC2012_val_00029357.JPEG,,,,-19.76111412,-12.03842354
778,imagenet,1,ILSVRC2012_val_00029852.JPEG,,,,14.84549236,-1.50096500
779,imagenet,1,ILSVRC2012_val_00016117.JPEG,,,,-16.97958946,11.27704906
780,imagenet,1,ILSVRC2012_val_00014933.JPEG,,,,12.73022175,-10.02016354
781,imagenet,1,ILSVRC2012_val_00049276.JPEG,,,,8.67910671,25.62100792
782,imagenet,1,ILSVRC2012_val_00031442.JPEG,,,,-9.50940609,-9.19530296
783,imagenet,1,ILSVRC2012_val_00009702.JPEG,,,,-20.63744926,22.42769241
784,imagenet,1,ILSVRC2012_val_00013337.JPEG,,,,-23.68325996,-0.24529551
785,imagenet,1,ILSVRC2012_val_00036713.JPEG,,,,-16.04693031,12.50591660
786,imagenet,1,ILSVRC2012_val_00035948.JPEG,,,,17.85463142,-3.61331916
787,imagenet,1,ILSVRC2012_val_00039145.JPEG,,,,-9.52813244,4.49890280
788,imagenet,1,ILSVRC2012_val_00015062.JPEG,,,,-5.26405334,18.89909935
789,imagenet,1,ILSVRC2012_val_00015242.JPEG,,,,-23.17142868,15.08030796
790,imagenet,1,ILSVRC2012_val_00032852.JPEG,,,,-29.61955452,9.22506714
791,imagenet,1,ILSVRC2012_val_00035122.JPEG,,,,-24.96335983,0.95222759
792,imagenet,1,ILSVRC2012_val_00021707.JPEG,,,,-6.73835564,8.32989979
793,imagenet,1,ILSVRC2012_val_00011461.JPEG,,,,-29.77790642,-5.14988470
794,imagenet,1,ILSVRC2012_val_00023415.JPEG,,,,19.28787422,19.16563606
795,imagenet,1,ILSVRC2012_val_00027826.JPEG,,,,36.40645599,6.68331861
796,imagenet,1,ILSVRC2012_val_00023916.JPEG,,,,-15.16738987,11.87755394
797,imagenet,1,ILSVRC2012_val_00013262.JPEG,,,,0.06437179,-39.52581406
798,imagenet,1,ILSVRC2012_val_00047929.JPEG,,,,-13.25271606,15.16766930
799,imagenet,1,ILSVRC2012_val_00013692.JPEG,,,,-10.20086765,24.24681664
800,imagenet,1,ILSVRC2012_val_00046240.JPEG,,,,1.74722886,-38.50594330
801,imagenet,1,ILSVRC2012_val_00026475.JPEG,,,,19.20911789,-16.14900017
802,imagenet,1,ILSVRC2012_val_00028550.JPEG,,,,36.74454880,4.41275215
803,imagenet,1,ILSVRC2012_val_00007617.JPEG,,,,19.81979561,9.68858433
804,imagenet,1,ILSVRC2012_val_00024748.JPEG,,,,-30.52966118,13.03208065
805,imagenet,1,ILSVRC2012_val_00006444.JPEG,,,,26.00209618,-14.00474453
806,imagenet,1,ILSVRC2012_val_00017893.JPEG,,,,12.44533920,15.68882275
807,imagenet,1,ILSVRC2012_val_00016219.JPEG,,,,-16.65452766,17.13649368
808,imagenet,1,ILSVRC2012_val_00008433.JPEG,,,,-9.49882221,21.34286499
809,imagenet,1,ILSVRC2012_val_00032942.JPEG,,,,-15.63143635,-6.24496794
810,imagenet,1,ILSVRC2012_val_00042220.JPEG,,,,33.63326263,5.76265812
811,imagenet,1,ILSVRC2012_val_00045897.JPEG,,,,1.55066144,-6.92282391
812,imagenet,1,ILSVRC2012_val_00010616.JPEG,,,,21.98208237,19.94497299
813,imagenet,1,ILSVRC2012_val_00011847.JPEG,,,,12.00150681,-15.29362297
814,imagenet,1,ILSVRC2012_val_00007083.JPEG,,,,24.16102219,-3.07888675
815,imagenet,1,ILSVRC2012_val_00004185.JPEG,,,,-7.25111055,4.63991785
816,imagenet,1,ILSVRC2012_val_00042364.JPEG,,,,-17.61708450,1.23327434
817,imagenet,1,ILSVRC2012_val_00021603.JPEG,,,,31.87511253,14.48843765
818,imagenet,1,ILSVRC2012_val_00013586.JPEG,,,,14.57765102,-17.20153999
819,imagenet,1,ILSVRC2012_val_00039358.JPEG,,,,-17.22611427,-11.36792088
820,imagenet,1,ILSVRC2012_val_00001130.JPEG,,,,-6.65617800,12.51039314
821,imagenet,1,ILSVRC2012_val_00048406.JPEG,,,,35.28627396,0.50533044
822,imagenet,1,ILSVRC2012_val_00021368.JPEG,,,,36.08620834,4.31188440
823,imagenet,1,ILSVRC2012_val_00013933.JPEG,,,,22.19787407,7.73218822
824,imagenet,1,ILSVRC2012_val_00033431.JPEG,,,,36.63666153,-3.74980736
825,imagenet,1,ILSVRC2012_val_00021012.JPEG,,,,-7.56772614,19.56820679
826,imagenet,1,ILSVRC2012_val_00030656.JPEG,,,,-21.85387230,6.71708202
827,imagenet,1,ILSVRC2012_val_00036568.JPEG,,,,-25.12497330,4.69294119
828,imagenet,1,ILSVRC2012_val_00045514.JPEG,,,,17.67946434,18.44326019
829,imagenet,1,ILSVRC2012_val_00014036.JPEG,,,,-9.79006863,19.17020416
830,imagenet,1,ILSVRC2012_val_00003008.JPEG,,,,-2.10687470,11.56064129
831,imagenet,1,ILSVRC2012_val_00040189.JPEG,,,,34.99557877,7.46560669
832,imagenet,1,ILSVRC2012_val_00029908.JPEG,,,,-29.10140419,3.99721098
833,imagenet,1,ILSVRC2012_val_00011917.JPEG,,,,31.26025200,10.19642735
834,imagenet,1,ILSVRC2012_val_00010738.JPEG,,,,-11.11489868,3.65020680
835,imagenet,1,ILSVRC2012_val_00008143.JPEG,,,,-9.67638779,4.27286339
836,imagenet,1,ILSVRC2012_val_00036397.JPEG,,,,2.64335394,10.82384396
837,imagenet,1,ILSVRC2012_val_00035258.JPEG,,,,1.29028690,21.48516083
838,imagenet,1,ILSVRC2012_val_00033170.JPEG,,,,-27.68327522,1.51444614
839,imagenet,1,ILSVRC2012_val_00001930.JPEG,,,,7.24473143,20.79476929
840,imagenet,1,ILSVRC2012_val_00010560.JPEG,,,,34.79975128,2.15891171
841,imagenet,1,ILSVRC2012_val_00041278.JPEG,,,,31.62086105,-7.08587027
842,imagenet,1,ILSVRC2012_val_00018976.JPEG,,,,-11.96674156,-3.61787224
843,imagenet,1,ILSVRC2012_val_00038998.JPEG,,,,23.82977867,15.14524746
844,imagenet,1,ILSVRC2012_val_00012189.JPEG,,,,-9.09639549,-18.48150253
845,imagenet,1,ILSVRC2012_val_00025479.JPEG,,,,-3.13378763,23.28704453
846,imagenet,1,ILSVRC2012_val_00024779.JPEG,,,,11.10587311,-7.54783964
847,imagenet,1,ILSVRC2012_val_00024474.JPEG,,,,-27.64656258,22.54288673
848,imagenet,1,ILSVRC2012_val_00044151.JPEG,,,,-1.29774988,18.42351341
849,imagenet,1,ILSVRC2012_val_00009929.JPEG,,,,-23.65630722,-0.99771017
850,imagenet,1,ILSVRC2012_val_00023710.JPEG,,,,-21.61660004,-7.44958544
851,imagenet,1,ILSVRC2012_val_00032851.JPEG,,,,4.14027166,9.65519238
852,imagenet,1,ILSVRC2012_val_00034064.JPEG,,,,1.50667143,16.71062851
853,imagenet,1,ILSVRC2012_val_00041804.JPEG,,,,-4.02882767,29.85415077
854,imagenet,1,ILSVRC2012_val_00001146.JPEG,,,,31.07940102,2.15228486
855,imagenet,1,ILSVRC2012_val_00002812.JPEG,,,,-7.33992910,15.19365311
856,imagenet,1,ILSVRC2012_val_00035246.JPEG,,,,-11.03868294,-12.99432278
857,imagenet,1,ILSVRC2012_val_00020603.JPEG,,,,24.56395721,2.80034614
858,imagenet,1,ILSVRC2012_val_00025885.JPEG,,,,22.63410759,10.48839855
859,imagenet,1,ILSVRC2012_val_00006470.JPEG,,,,13.59131241,-16.94846344
860,imagenet,1,ILSVRC2012_val_00038906.JPEG,,,,10.67464924,-8.47514629
861,imagenet,1,ILSVRC2012_val_00032716.JPEG,,,,-8.42516232,18.47981834
862,imagenet,1,ILSVRC2012_val_00036539.JPEG,,,,-14.52314568,20.43832588
863,imagenet,1,ILSVRC2012_val_00041070.JPEG,,,,-15.65427780,-8.17972183
864,imagenet,1,ILSVRC2012_val_00013459.JPEG,,,,-13.82546997,-14.68950367
865,imagenet,1,ILSVRC2012_val_00013355.JPEG,,,,38.05945587,0.78845954
866,imagenet,1,ILSVRC2012_val_00044571.JPEG,,,,-6.09547424,15.45540333
867,imagenet,1,ILSVRC2012_val_00002741.JPEG,,,,22.46831703,6.54006100
868,imagenet,1,ILSVRC2012_val_00026491.JPEG,,,,35.64871979,3.78591394
869,imagenet,1,ILSVRC2012_val_00008310.JPEG,,,,29.41982841,-10.64106941
870,imagenet,1,ILSVRC2012_val_00047757.JPEG,,,,-4.49665928,-15.05839729
871,imagenet,1,ILSVRC2012_val_00033379.JPEG,,,,-3.78783441,27.54327774
872,imagenet,1,ILSVRC2012_val_00031976.JPEG,,,,-22.15439415,6.04298735
873,imagenet,1,ILSVRC2012_val_00045552.JPEG,,,,0.63350946,-45.65452576
874,imagenet,1,ILSVRC2012_val_00035962.JPEG,,,,-16.00867844,15.18661499
875,imagenet,1,ILSVRC2012_val_00046671.JPEG,,,,17.35416412,-5.39142942
876,imagenet,1,ILSVRC2012_val_00020755.JPEG,,,,28.05629921,-6.66382360
877,imagenet,1,ILSVRC2012_val_00037024.JPEG,,,,-12.70380974,-12.82277203
878,imagenet,1,ILSVRC2012_val_00048829.JPEG,,,,37.52762222,-5.44572306
879,imagenet,1,ILSVRC2012_val_00012291.JPEG,,,,32.33903122,0.21184304
880,imagenet,1,ILSVRC2012_val_00012949.JPEG,,,,25.01904678,17.31576157
881,imagenet,1,ILSVRC2012_val_00041730.JPEG,,,,-33.11182785,6.72689629
882,imagenet,1,ILSVRC2012_val_00024808.JPEG,,,,5.21915913,-11.86027908
883,imagenet,1,ILSVRC2012_val_00036994.JPEG,,,,30.51794434,2.31538248
884,imagenet,1,ILSVRC2012_val_00012650.JPEG,,,,-30.13497543,-4.48309803
885,imagenet,1,ILSVRC2012_val_00039253.JPEG,,,,-5.43067980,0.73508614
886,imagenet,1,ILSVRC2012_val_00029189.JPEG,,,,-23.48065758,20.12467957
887,imagenet,1,ILSVRC2012_val_00047624.JPEG,,,,-12.41331673,-14.39192677
888,imagenet,1,ILSVRC2012_val_00002897.JPEG,,,,-34.91771317,9.27626801
889,imagenet,1,ILSVRC2012_val_00036014.JPEG,,,,-6.14520645,26.94631767
890,imagenet,1,ILSVRC2012_val_00028904.JPEG,,,,-30.99527931,8.38611794
891,imagenet,1,ILSVRC2012_val_00047871.JPEG,,,,-12.72132874,16.34535217
892,imagenet,1,ILSVRC2012_val_00003911.JPEG,,,,-21.53234100,16.73740959
893,imagenet,1,ILSVRC2012_val_00012784.JPEG,,,,1.24899220,19.89225960
894,imagenet,1,ILSVRC2012_val_00022779.JPEG,,,,-13.42360783,-13.95416355
895,imagenet,1,ILSVRC2012_val_00020669.JPEG,,,,-24.72193146,16.01989937
896,imagenet,1,ILSVRC2012_val_00035214.JPEG,,,,21.95554161,-7.26732969
897,imagenet,1,ILSVRC2012_val_00033929.JPEG,,,,-21.09411049,-1.45187092
898,imagenet,1,ILSVRC2012_val_00026751.JPEG,,,,6.01507139,15.64358711
899,imagenet,1,ILSVRC2012_val_00049853.JPEG,,,,-0.00911001,-38.43066406
900,imagenet,1,ILSVRC2012_val_00049323.JPEG,,,,-24.47772980,5.36030197
901,imagenet,1,ILSVRC2012_val_00029746.JPEG,,,,-35.08885956,5.07316017
902,imagenet,1,ILSVRC2012_val_00018162.JPEG,,,,28.59811783,7.44593287
903,imagenet,1,ILSVRC2012_val_00043259.JPEG,,,,19.66176987,-11.55673504
904,imagenet,1,ILSVRC2012_val_00031148.JPEG,,,,0.03700746,-1.35877550
905,imagenet,1,ILSVRC2012_val_00030309.JPEG,,,,-19.04839134,8.80291080
906,imagenet,1,ILSVRC2012_val_00001374.JPEG,,,,-1.82766378,11.73922634
907,imagenet,1,ILSVRC2012_val_00039505.JPEG,,,,-20.97994041,-6.33907557
908,imagenet,1,ILSVRC2012_val_00007894.JPEG,,,,-17.94416046,23.12101555
909,imagenet,1,ILSVRC2012_val_00013005.JPEG,,,,25.40010071,2.07619357
910,imagenet,1,ILSVRC2012_val_00040782.JPEG,,,,27.45327568,-8.91538525
911,imagenet,1,ILSVRC2012_val_00013718.JPEG,,,,21.05844879,18.19264793
912,imagenet,1,ILSVRC2012_val_00034431.JPEG,,,,-30.69585228,6.13004732
913,imagenet,1,ILSVRC2012_val_00024015.JPEG,,,,-8.58965683,-15.30535126
914,imagenet,1,ILSVRC2012_val_00021398.JPEG,,,,-10.95390987,11.32437325
915,imagenet,1,ILSVRC2012_val_00020799.JPEG,,,,-29.45409203,10.39759350
916,imagenet,1,ILSVRC2012_val_00009760.JPEG,,,,-21.64328194,-1.19725668
917,imagenet,1,ILSVRC2012_val_00001075.JPEG,,,,-6.01101971,16.22441292
918,imagenet,1,ILSVRC2012_val_00010355.JPEG,,,,11.93752575,-4.95460558
919,imagenet,1,ILSVRC2012_val_00022231.JPEG,,,,-5.18236971,-14.26523209
920,imagenet,1,ILSVRC2012_val_00045089.JPEG,,,,25.83131218,-10.30322933
921,imagenet,1,ILSVRC2012_val_00022952.JPEG,,,,9.21552563,14.14922333
922,imagenet,1,ILSVRC2012_val_00044579.JPEG,,,,30.81325150,5.14259195
923,imagenet,1,ILSVRC2012_val_00013686.JPEG,,,,-31.69449043,-4.24173975
924,imagenet,1,ILSVRC2012_val_00040168.JPEG,,,,-24.46722412,15.40198421
925,imagenet,1,ILSVRC2012_val_00020365.JPEG,,,,12.02799416,-18.26380348
926,imagenet,1,ILSVRC2012_val_00045080.JPEG,,,,13.91485691,-12.35188770
927,imagenet,1,ILSVRC2012_val_00018741.JPEG,,,,31.53988075,-1.85563719
928,imagenet,1,ILSVRC2012_val_00026792.JPEG,,,,-35.02470016,6.82612133
929,imagenet,1,ILSVRC2012_val_00011187.JPEG,,,,10.59774780,-11.79172897
930,imagenet,1,ILSVRC2012_val_00025922.JPEG,,,,-24.56768608,17.77760506
931,imagenet,1,ILSVRC2012_val_00043511.JPEG,,,,-8.62462807,18.48820686
932,imagenet,1,ILSVRC2012_val_00043333.JPEG,,,,-18.25743103,-2.15212226
933,imagenet,1,ILSVRC2012_val_00038536.JPEG,,,,40.17732239,-1.28604627
934,imagenet,1,ILSVRC2012_val_00045169.JPEG,,,,34.14351273,-5.63247681
935,imagenet,1,ILSVRC2012_val_00018042.JPEG,,,,-34.76225281,8.57817841
936,imagenet,1,ILSVRC2012_val_00032791.JPEG,,,,4.14160061,9.09625435
937,imagenet,1,ILSVRC2012_val_00001741.JPEG,,,,35.58703232,-0.10968039
938,imagenet,1,ILSVRC2012_val_00037437.JPEG,,,,13.48679161,10.16979313
939,imagenet,1,ILSVRC2012_val_00010636.JPEG,,,,-12.65637970,8.70630836
940,imagenet,1,ILSVRC2012_val_00002979.JPEG,,,,9.20951653,-6.33017349
941,imagenet,1,ILSVRC2012_val_00031255.JPEG,,,,-19.50891304,-4.95991993
942,imagenet,1,ILSVRC2012_val_00016515.JPEG,,,,17.34042549,-14.64348412
943,imagenet,1,ILSVRC2012_val_00029471.JPEG,,,,32.96829987,11.05011368
944,imagenet,1,ILSVRC2012_val_00044608.JPEG,,,,31.10942841,-4.99263620
945,imagenet,1,ILSVRC2012_val_00017942.JPEG,,,,36.04265976,-1.13218796
946,imagenet,1,ILSVRC2012_val_00001489.JPEG,,,,26.86388016,15.17817116
947,imagenet,1,ILSVRC2012_val_00001745.JPEG,,,,-15.55699635,-9.59439945
948,imagenet,1,ILSVRC2012_val_00017308.JPEG,,,,-15.63657475,20.53111076
949,imagenet,1,ILSVRC2012_val_00038211.JPEG,,,,-7.66494274,-16.06811333
950,imagenet,1,ILSVRC2012_val_00018728.JPEG,,,,-23.38379288,3.19845295
951,imagenet,1,ILSVRC2012_val_00041479.JPEG,,,,37.10386658,-1.83429980
952,imagenet,1,ILSVRC2012_val_00029943.JPEG,,,,19.62720299,6.76696444
953,imagenet,1,ILSVRC2012_val_00009918.JPEG,,,,17.85610580,-7.18649244
954,imagenet,1,ILSVRC2012_val_00020061.JPEG,,,,-15.87374210,18.81533813
955,imagenet,1,ILSVRC2012_val_00029773.JPEG,,,,40.78805161,-3.33607745
956,imagenet,1,ILSVRC2012_val_00029479.JPEG,,,,-26.54661942,17.38999748
957,imagenet,1,ILSVRC2012_val_00025915.JPEG,,,,34.62970352,1.79729688
958,imagenet,1,ILSVRC2012_val_00024195.JPEG,,,,-24.25853157,7.66915178
959,imagenet,1,ILSVRC2012_val_00042339.JPEG,,,,-5.67311954,-15.27086639
960,imagenet,1,ILSVRC2012_val_00037724.JPEG,,,,36.05530167,-4.54988861
961,imagenet,1,ILSVRC2012_val_00003890.JPEG,,,,27.03744698,-6.85044479
962,imagenet,1,ILSVRC2012_val_00041986.JPEG,,,,24.78884506,14.74147987
963,imagenet,1,ILSVRC2012_val_00020951.JPEG,,,,-22.87568283,13.69642162
964,imagenet,1,ILSVRC2012_val_00022677.JPEG,,,,1.70125914,7.79178333
965,imagenet,1,ILSVRC2012_val_00036227.JPEG,,,,4.55750179,11.70497227
966,imagenet,1,ILSVRC2012_val_00001818.JPEG,,,,3.59916830,0.77003390
967,imagenet,1,ILSVRC2012_val_00017603.JPEG,,,,11.12747574,0.52308977
968,imagenet,1,ILSVRC2012_val_00037052.JPEG,,,,-15.17622566,16.09449768
969,imagenet,1,ILSVRC2012_val_00019146.JPEG,,,,22.48443413,-15.65077209
970,imagenet,1,ILSVRC2012_val_00038955.JPEG,,,,22.87023354,-7.00622129
971,imagenet,1,ILSVRC2012_val_00037744.JPEG,,,,16.87810707,7.36374331
972,imagenet,1,ILSVRC2012_val_00006504.JPEG,,,,-11.70369434,-8.05780792
973,imagenet,1,ILSVRC2012_val_00013452.JPEG,,,,-6.28998470,-16.68690872
974,imagenet,1,ILSVRC2012_val_00030025.JPEG,,,,-21.75877190,12.18213558
975,imagenet,1,ILSVRC2012_val_00009134.JPEG,,,,-28.36410141,7.50428486
976,imagenet,1,ILSVRC2012_val_00011459.JPEG,,,,-10.70222473,-3.48156834
977,imagenet,1,ILSVRC2012_val_00032671.JPEG,,,,-29.08385658,4.62551451
978,imagenet,1,ILSVRC2012_val_00004440.JPEG,,,,-21.10968018,-2.30710554
979,imagenet,1,ILSVRC2012_val_00016554.JPEG,,,,-9.34196472,24.77801323
980,imagenet,1,ILSVRC2012_val_00019009.JPEG,,,,-26.98277664,4.50716972
981,imagenet,1,ILSVRC2012_val_00045883.JPEG,,,,-25.91972923,6.41385698
982,imagenet,1,ILSVRC2012_val_00018499.JPEG,,,,-22.21887016,9.58383942
983,imagenet,1,ILSVRC2012_val_00023001.JPEG,,,,29.80631256,-1.55726969
984,imagenet,1,ILSVRC2012_val_00003265.JPEG,,,,-14.81211853,0.46668315
985,imagenet,1,ILSVRC2012_val_00043547.JPEG,,,,-9.69810581,29.02821350
986,imagenet,1,ILSVRC2012_val_00014204.JPEG,,,,-24.82309532,-8.07287121
987,imagenet,1,ILSVRC2012_val_00004655.JPEG,,,,22.44001389,4.44980001
988,imagenet,1,ILSVRC2012_val_00039088.JPEG,,,,13.46369839,-11.45156574
989,imagenet,1,ILSVRC2012_val_00025775.JPEG,,,,-11.37473392,-13.93670845
990,imagenet,1,ILSVRC2012_val_00025300.JPEG,,,,-28.88892365,6.23797274
991,imagenet,1,ILSVRC2012_val_00008553.JPEG,,,,22.89535522,18.85662079
992,imagenet,1,ILSVRC2012_val_00040045.JPEG,,,,-13.41227245,1.15810120
993,imagenet,1,ILSVRC2012_val_00022236.JPEG,,,,-16.81129074,8.55501461
994,imagenet,1,ILSVRC2012_val_00025951.JPEG,,,,-11.56767273,20.91617966
995,imagenet,1,ILSVRC2012_val_00017882.JPEG,,,,-9.51099777,10.12857342
996,imagenet,1,ILSVRC2012_val_00038418.JPEG,,,,20.33574677,5.59403038
997,imagenet,1,ILSVRC2012_val_00037723.JPEG,,,,-1.76305544,-1.75643468
998,imagenet,1,ILSVRC2012_val_00024609.JPEG,,,,33.75975037,9.67888832
999,imagenet,1,ILSVRC2012_val_00026132.JPEG,,,,37.12261963,-0.00211050
1000,timesx,1,traffic__tour_de_france_96_12_4_10events__20250803T000000,traffic__tour_de_france_96_12_4_10events,best,17,-6.74688721,-42.48129654
1001,timesx,1,traffic__tour_de_france_96_12_4_10events__20250831T000000,traffic__tour_de_france_96_12_4_10events,best,17,-7.91951323,-44.19880295
1002,timesx,1,traffic__tour_de_france_96_12_4_10events__20250928T000000,traffic__tour_de_france_96_12_4_10events,best,17,-7.82132339,-45.79341507
1003,timesx,1,traffic__tour_de_france_96_12_4_10events__20251026T000000,traffic__tour_de_france_96_12_4_10events,best,17,-7.65807819,-46.68406296
1004,timesx,1,traffic__tour_de_france_96_12_4_10events__20251123T000000,traffic__tour_de_france_96_12_4_10events,best,17,4.06508684,-47.13271713
1005,timesx,1,traffic__tour_de_france_96_12_4_10events__20251221T000000,traffic__tour_de_france_96_12_4_10events,best,17,3.72796130,-47.02744675
1006,timesx,1,electronic_technology__drones_96_12_4_10events__20250803T000000,electronic_technology__drones_96_12_4_10events,best,5,-6.37824869,-44.13899231
1007,timesx,1,electronic_technology__drones_96_12_4_10events__20250831T000000,electronic_technology__drones_96_12_4_10events,best,5,-5.76337671,-45.09322739
1008,timesx,1,electronic_technology__drones_96_12_4_10events__20250928T000000,electronic_technology__drones_96_12_4_10events,best,5,-5.70327997,-45.72130203
1009,timesx,1,electronic_technology__drones_96_12_4_10events__20251026T000000,electronic_technology__drones_96_12_4_10events,best,5,-4.65555668,-44.90228271
1010,timesx,1,electronic_technology__drones_96_12_4_10events__20251123T000000,electronic_technology__drones_96_12_4_10events,best,5,3.70627618,-45.68192673
1011,timesx,1,electronic_technology__drones_96_12_4_10events__20251221T000000,electronic_technology__drones_96_12_4_10events,best,5,-5.59974766,-43.57240295
1012,timesx,1,shopping__air_conditioner_96_12_4_10events__20250803T000000,shopping__air_conditioner_96_12_4_10events,best,15,-5.43405581,-42.59686661
1013,timesx,1,shopping__air_conditioner_96_12_4_10events__20250831T000000,shopping__air_conditioner_96_12_4_10events,best,15,-6.27684116,-46.74134827
1014,timesx,1,shopping__air_conditioner_96_12_4_10events__20250928T000000,shopping__air_conditioner_96_12_4_10events,best,15,-6.03704882,-47.04233170
1015,timesx,1,shopping__air_conditioner_96_12_4_10events__20251026T000000,shopping__air_conditioner_96_12_4_10events,best,15,-4.65531540,-47.75801849
1016,timesx,1,shopping__air_conditioner_96_12_4_10events__20251123T000000,shopping__air_conditioner_96_12_4_10events,best,15,3.34534526,-48.39553070
1017,timesx,1,shopping__air_conditioner_96_12_4_10events__20251221T000000,shopping__air_conditioner_96_12_4_10events,best,15,2.91488194,-48.01374435
1018,timesx,1,science__earthquake_96_12_4_10events__20250803T000000,science__earthquake_96_12_4_10events,best,13,0.30065629,-52.07222748
1019,timesx,1,science__earthquake_96_12_4_10events__20250831T000000,science__earthquake_96_12_4_10events,best,13,-0.81060481,-53.61345673
1020,timesx,1,science__earthquake_96_12_4_10events__20250928T000000,science__earthquake_96_12_4_10events,best,13,-5.00481510,-50.42568207
1021,timesx,1,science__earthquake_96_12_4_10events__20251026T000000,science__earthquake_96_12_4_10events,best,13,-5.01489973,-50.38407898
1022,timesx,1,science__earthquake_96_12_4_10events__20251123T000000,science__earthquake_96_12_4_10events,best,13,-5.54691792,-48.83499527
1023,timesx,1,science__earthquake_96_12_4_10events__20251221T000000,science__earthquake_96_12_4_10events,best,13,-4.41635656,-49.35771179
1024,timesx,1,shopping__back_to_school_96_12_4_10events__20250803T000000,shopping__back_to_school_96_12_4_10events,best,16,3.68208194,-45.61547852
1025,timesx,1,shopping__back_to_school_96_12_4_10events__20250831T000000,shopping__back_to_school_96_12_4_10events,best,16,-7.55045843,-43.17761612
1026,timesx,1,shopping__back_to_school_96_12_4_10events__20250928T000000,shopping__back_to_school_96_12_4_10events,best,16,-7.93628740,-44.90131760
1027,timesx,1,shopping__back_to_school_96_12_4_10events__20251026T000000,shopping__back_to_school_96_12_4_10events,best,16,-7.65990114,-46.38541412
1028,timesx,1,shopping__back_to_school_96_12_4_10events__20251123T000000,shopping__back_to_school_96_12_4_10events,best,16,-7.57352495,-47.10150909
1029,timesx,1,shopping__back_to_school_96_12_4_10events__20251221T000000,shopping__back_to_school_96_12_4_10events,best,16,4.10583496,-47.74499130
1030,timesx,1,public_health__climate_change_96_12_4_10events__20250803T000000,public_health__climate_change_96_12_4_10events,best,9,-5.06541729,-45.61952591
1031,timesx,1,public_health__climate_change_96_12_4_10events__20250831T000000,public_health__climate_change_96_12_4_10events,best,9,-1.63540387,-44.33863831
1032,timesx,1,public_health__climate_change_96_12_4_10events__20250928T000000,public_health__climate_change_96_12_4_10events,best,9,-4.38064671,-43.17395782
1033,timesx,1,public_health__climate_change_96_12_4_10events__20251026T000000,public_health__climate_change_96_12_4_10events,best,9,-5.77174902,-43.78985214
1034,timesx,1,public_health__climate_change_96_12_4_10events__20251123T000000,public_health__climate_change_96_12_4_10events,best,9,-6.67433882,-44.62360001
1035,timesx,1,public_health__climate_change_96_12_4_10events__20251221T000000,public_health__climate_change_96_12_4_10events,best,9,-6.26420164,-45.27989578
1036,timesx,1,public_policy__national_debt_96_12_4_10events__20250803T000000,public_policy__national_debt_96_12_4_10events,middle,12,4.37406254,-53.17742920
1037,timesx,1,public_policy__national_debt_96_12_4_10events__20250831T000000,public_policy__national_debt_96_12_4_10events,middle,12,0.67877680,-55.06134033
1038,timesx,1,public_policy__national_debt_96_12_4_10events__20250928T000000,public_policy__national_debt_96_12_4_10events,middle,12,-1.02052379,-55.29174042
1039,timesx,1,public_policy__national_debt_96_12_4_10events__20251026T000000,public_policy__national_debt_96_12_4_10events,middle,12,-5.00856066,-54.65188599
1040,timesx,1,public_policy__national_debt_96_12_4_10events__20251123T000000,public_policy__national_debt_96_12_4_10events,middle,12,-5.18353271,-53.20811462
1041,timesx,1,public_policy__national_debt_96_12_4_10events__20251221T000000,public_policy__national_debt_96_12_4_10events,middle,12,-0.44879854,-51.69353867
1042,timesx,1,climate__endangered_species_96_12_4_10events__20250803T000000,climate__endangered_species_96_12_4_10events,middle,2,-2.01057768,-50.87528229
1043,timesx,1,climate__endangered_species_96_12_4_10events__20250831T000000,climate__endangered_species_96_12_4_10events,middle,2,3.91836572,-51.29718018
1044,timesx,1,climate__endangered_species_96_12_4_10events__20250928T000000,climate__endangered_species_96_12_4_10events,middle,2,5.11523438,-53.36983871
1045,timesx,1,climate__endangered_species_96_12_4_10events__20251026T000000,climate__endangered_species_96_12_4_10events,middle,2,1.21663499,-57.00585175
1046,timesx,1,climate__endangered_species_96_12_4_10events__20251123T000000,climate__endangered_species_96_12_4_10events,middle,2,-6.65987206,-55.23158646
1047,timesx,1,climate__endangered_species_96_12_4_10events__20251221T000000,climate__endangered_species_96_12_4_10events,middle,2,-6.94708538,-53.02021408
1048,timesx,1,CropsAndStaples__rice_usd_cwt_96_12_12_10events__20250611T000000,CropsAndStaples__rice_usd_cwt_96_12_12_10events,middle,0,-2.45128632,-49.19335938
1049,timesx,1,CropsAndStaples__rice_usd_cwt_96_12_12_10events__20250630T000000,CropsAndStaples__rice_usd_cwt_96_12_12_10events,middle,0,0.94569916,-49.87042618
1050,timesx,1,CropsAndStaples__rice_usd_cwt_96_12_12_10events__20250717T000000,CropsAndStaples__rice_usd_cwt_96_12_12_10events,middle,0,-2.44362521,-50.15230560
1051,timesx,1,CropsAndStaples__rice_usd_cwt_96_12_12_10events__20250804T000000,CropsAndStaples__rice_usd_cwt_96_12_12_10events,middle,0,-0.30996397,-48.63760757
1052,timesx,1,CropsAndStaples__rice_usd_cwt_96_12_12_10events__20250820T000000,CropsAndStaples__rice_usd_cwt_96_12_12_10events,middle,0,-2.34754276,-49.89904022
1053,timesx,1,CropsAndStaples__rice_usd_cwt_96_12_12_10events__20250908T000000,CropsAndStaples__rice_usd_cwt_96_12_12_10events,middle,0,-1.56278014,-47.58792877
1054,timesx,1,CropsAndStaples__rice_usd_cwt_96_12_12_10events__20250924T000000,CropsAndStaples__rice_usd_cwt_96_12_12_10events,middle,0,-0.27837929,-47.99721146
1055,timesx,1,CropsAndStaples__rice_usd_cwt_96_12_12_10events__20251010T000000,CropsAndStaples__rice_usd_cwt_96_12_12_10events,middle,0,-2.27558470,-46.65979767
1056,timesx,1,CropsAndStaples__rice_usd_cwt_96_12_12_10events__20251028T000000,CropsAndStaples__rice_usd_cwt_96_12_12_10events,middle,0,-0.91228002,-45.72243881
1057,timesx,1,CropsAndStaples__rice_usd_cwt_96_12_12_10events__20251113T000000,CropsAndStaples__rice_usd_cwt_96_12_12_10events,middle,0,-1.76110899,-46.22127914
1058,timesx,1,CropsAndStaples__rice_usd_cwt_96_12_12_10events__20251201T000000,CropsAndStaples__rice_usd_cwt_96_12_12_10events,middle,0,-0.93176544,-46.17775726
1059,timesx,1,CropsAndStaples__rice_usd_cwt_96_12_12_10events__20251217T000000,CropsAndStaples__rice_usd_cwt_96_12_12_10events,middle,0,-2.00204778,-46.34997559
1060,timesx,1,CropsAndStaples__rice_usd_cwt_96_12_12_10events__20260105T000000,CropsAndStaples__rice_usd_cwt_96_12_12_10events,middle,0,-0.67284095,-45.98882294
1061,timesx,1,CropsAndStaples__rice_usd_cwt_96_12_12_10events__20260122T000000,CropsAndStaples__rice_usd_cwt_96_12_12_10events,middle,0,-0.93122005,-48.05019379
1062,timesx,1,CropsAndStaples__rice_usd_cwt_96_12_12_10events__20260209T000000,CropsAndStaples__rice_usd_cwt_96_12_12_10events,middle,0,-0.54468930,-47.38268280
1063,timesx,1,CropsAndStaples__rice_usd_cwt_96_12_12_10events__20260226T000000,CropsAndStaples__rice_usd_cwt_96_12_12_10events,middle,0,-1.79631770,-48.65999985
1064,timesx,1,CropsAndStaples__rice_usd_cwt_96_12_12_10events__20260316T000000,CropsAndStaples__rice_usd_cwt_96_12_12_10events,middle,0,1.39848650,-54.27807999
1065,timesx,1,pets__biodiversity_96_12_4_10events__20250803T000000,pets__biodiversity_96_12_4_10events,middle,8,-0.76850462,-50.70726395
1066,timesx,1,pets__biodiversity_96_12_4_10events__20250831T000000,pets__biodiversity_96_12_4_10events,middle,8,4.38607502,-51.67759323
1067,timesx,1,pets__biodiversity_96_12_4_10events__20250928T000000,pets__biodiversity_96_12_4_10events,middle,8,5.08474970,-54.02435303
1068,timesx,1,pets__biodiversity_96_12_4_10events__20251026T000000,pets__biodiversity_96_12_4_10events,middle,8,0.74535763,-57.43806839
1069,timesx,1,pets__biodiversity_96_12_4_10events__20251123T000000,pets__biodiversity_96_12_4_10events,middle,8,-6.97426987,-54.86084366
1070,timesx,1,pets__biodiversity_96_12_4_10events__20251221T000000,pets__biodiversity_96_12_4_10events,middle,8,-7.12913704,-52.86284637
1071,timesx,1,arts__food_wine_festivals_96_12_4_10events__20250119T000000,arts__food_wine_festivals_96_12_4_10events,middle,1,2.83350015,-51.39279175
1072,timesx,1,arts__food_wine_festivals_96_12_4_10events__20250216T000000,arts__food_wine_festivals_96_12_4_10events,middle,1,1.33771455,-52.70234680
1073,timesx,1,arts__food_wine_festivals_96_12_4_10events__20250316T000000,arts__food_wine_festivals_96_12_4_10events,middle,1,0.25695881,-54.80217361
1074,timesx,1,arts__food_wine_festivals_96_12_4_10events__20250413T000000,arts__food_wine_festivals_96_12_4_10events,middle,1,-1.91509199,-54.23954010
1075,timesx,1,public_health__hiv_aids_96_12_4_10events__20250803T000000,public_health__hiv_aids_96_12_4_10events,middle,10,-3.24882507,-51.50731659
1076,timesx,1,public_health__hiv_aids_96_12_4_10events__20250831T000000,public_health__hiv_aids_96_12_4_10events,middle,10,-1.13693643,-50.20204163
1077,timesx,1,public_health__hiv_aids_96_12_4_10events__20250928T000000,public_health__hiv_aids_96_12_4_10events,middle,10,3.66241050,-52.06352234
1078,timesx,1,public_health__hiv_aids_96_12_4_10events__20251026T000000,public_health__hiv_aids_96_12_4_10events,middle,10,1.73295438,-56.71975708
1079,timesx,1,public_health__hiv_aids_96_12_4_10events__20251123T000000,public_health__hiv_aids_96_12_4_10events,middle,10,-5.22219896,-55.94686508
1080,timesx,1,public_health__hiv_aids_96_12_4_10events__20251221T000000,public_health__hiv_aids_96_12_4_10events,middle,10,-4.29156733,-52.47942352
1081,timesx,1,finance__financial_regulation_96_12_4_10events__20250803T000000,finance__financial_regulation_96_12_4_10events,worst,6,2.84951496,-53.94123459
1082,timesx,1,finance__financial_regulation_96_12_4_10events__20250831T000000,finance__financial_regulation_96_12_4_10events,worst,6,2.02549362,-54.88943100
1083,timesx,1,finance__financial_regulation_96_12_4_10events__20250928T000000,finance__financial_regulation_96_12_4_10events,worst,6,0.76249045,-56.57634354
1084,timesx,1,finance__financial_regulation_96_12_4_10events__20251026T000000,finance__financial_regulation_96_12_4_10events,worst,6,-5.74742079,-55.48579407
1085,timesx,1,finance__financial_regulation_96_12_4_10events__20251123T000000,finance__financial_regulation_96_12_4_10events,worst,6,-3.91182947,-55.59570694
1086,timesx,1,finance__financial_regulation_96_12_4_10events__20251221T000000,finance__financial_regulation_96_12_4_10events,worst,6,-3.33540916,-55.62075043
1087,timesx,1,economy__cost_of_living_96_12_4_10events__20250803T000000,economy__cost_of_living_96_12_4_10events,worst,4,3.58723688,-54.76436234
1088,timesx,1,economy__cost_of_living_96_12_4_10events__20250831T000000,economy__cost_of_living_96_12_4_10events,worst,4,-0.11690254,-54.59341049
1089,timesx,1,economy__cost_of_living_96_12_4_10events__20250928T000000,economy__cost_of_living_96_12_4_10events,worst,4,-1.73421049,-54.94838715
1090,timesx,1,economy__cost_of_living_96_12_4_10events__20251026T000000,economy__cost_of_living_96_12_4_10events,worst,4,-4.46174669,-53.98759842
1091,timesx,1,economy__cost_of_living_96_12_4_10events__20251123T000000,economy__cost_of_living_96_12_4_10events,worst,4,-3.11355948,-52.92655182
1092,timesx,1,economy__cost_of_living_96_12_4_10events__20251221T000000,economy__cost_of_living_96_12_4_10events,worst,4,0.84147954,-53.70855713
1093,timesx,1,public_health__obesity_96_12_4_10events__20250803T000000,public_health__obesity_96_12_4_10events,worst,11,2.27758265,-52.97524261
1094,timesx,1,public_health__obesity_96_12_4_10events__20250831T000000,public_health__obesity_96_12_4_10events,worst,11,1.26249433,-51.88553238
1095,timesx,1,public_health__obesity_96_12_4_10events__20250928T000000,public_health__obesity_96_12_4_10events,worst,11,2.02912688,-51.81668854
1096,timesx,1,public_health__obesity_96_12_4_10events__20251026T000000,public_health__obesity_96_12_4_10events,worst,11,1.58294761,-57.65878296
1097,timesx,1,public_health__obesity_96_12_4_10events__20251123T000000,public_health__obesity_96_12_4_10events,worst,11,-5.15039778,-55.22024536
1098,timesx,1,public_health__obesity_96_12_4_10events__20251221T000000,public_health__obesity_96_12_4_10events,worst,11,-4.39500904,-52.23350525
1099,timesx,1,pets__animal_welfare_96_12_4_10events__20250803T000000,pets__animal_welfare_96_12_4_10events,worst,7,4.52288437,-52.55686951
1100,timesx,1,pets__animal_welfare_96_12_4_10events__20250831T000000,pets__animal_welfare_96_12_4_10events,worst,7,2.82440329,-55.14833832
1101,timesx,1,pets__animal_welfare_96_12_4_10events__20250928T000000,pets__animal_welfare_96_12_4_10events,worst,7,1.43720841,-55.69059372
1102,timesx,1,pets__animal_welfare_96_12_4_10events__20251026T000000,pets__animal_welfare_96_12_4_10events,worst,7,-5.81835699,-56.09007263
1103,timesx,1,pets__animal_welfare_96_12_4_10events__20251123T000000,pets__animal_welfare_96_12_4_10events,worst,7,-5.31392050,-54.29420853
1104,timesx,1,pets__animal_welfare_96_12_4_10events__20251221T000000,pets__animal_welfare_96_12_4_10events,worst,7,-2.90389037,-52.29286575
1105,timesx,1,science__nobel_prize_96_12_4_10events__20250803T000000,science__nobel_prize_96_12_4_10events,worst,14,3.38043594,-50.81015778
1106,timesx,1,science__nobel_prize_96_12_4_10events__20250831T000000,science__nobel_prize_96_12_4_10events,worst,14,1.37983894,-50.06587219
1107,timesx,1,science__nobel_prize_96_12_4_10events__20250928T000000,science__nobel_prize_96_12_4_10events,worst,14,-0.97936475,-55.42661285
1108,timesx,1,science__nobel_prize_96_12_4_10events__20251026T000000,science__nobel_prize_96_12_4_10events,worst,14,-6.18569660,-43.21669006
1109,timesx,1,science__nobel_prize_96_12_4_10events__20251123T000000,science__nobel_prize_96_12_4_10events,worst,14,-6.63119030,-44.27861404
1110,timesx,1,science__nobel_prize_96_12_4_10events__20251221T000000,science__nobel_prize_96_12_4_10events,worst,14,-5.67334795,-44.77292633
1111,timesx,1,climate__sustainable_fashion_96_12_4_10events__20250803T000000,climate__sustainable_fashion_96_12_4_10events,worst,3,3.09245038,-52.79703903
1112,timesx,1,climate__sustainable_fashion_96_12_4_10events__20250831T000000,climate__sustainable_fashion_96_12_4_10events,worst,3,2.68576050,-54.37440872
1113,timesx,1,climate__sustainable_fashion_96_12_4_10events__20250928T000000,climate__sustainable_fashion_96_12_4_10events,worst,3,1.90320694,-55.80010223
1114,timesx,1,climate__sustainable_fashion_96_12_4_10events__20251026T000000,climate__sustainable_fashion_96_12_4_10events,worst,3,-4.84363127,-56.33728790
1115,timesx,1,climate__sustainable_fashion_96_12_4_10events__20251123T000000,climate__sustainable_fashion_96_12_4_10events,worst,3,-5.81744003,-54.69770050
1116,timesx,1,climate__sustainable_fashion_96_12_4_10events__20251221T000000,climate__sustainable_fashion_96_12_4_10events,worst,3,-3.79479051,-55.04468155
