dataset,pred,mse_mean,mse_std,mae_mean,mae_std,paper_mse,paper_mae
ETTh1,96,0.3466590344905853,0.0007003800236613777,0.3762482504049937,0.000518109590764162,0.347,0.376
ETTh1,192,0.38387398918469745,0.001411978706348483,0.3995170096556346,0.0008460075099076202,0.385,0.4
ETTh1,336,0.4080415864785512,0.0014317821296849335,0.4160585105419159,0.000826101129567056,0.407,0.415
ETTh1,720,0.43606695532798767,0.00489938986688394,0.44179312388102215,0.0022253865892881,0.439,0.443
ETTh2,96,0.26891908049583435,0.0006205682359711719,0.32844364643096924,0.0010287007567732977,0.269,0.328
ETTh2,192,0.335967093706131,0.0036857066679222587,0.3786393900712331,0.002547393104835478,0.332,0.374
ETTh2,336,0.3542770842711131,0.0013819569036054682,0.39872825145721436,0.0011594471771790836,0.351,0.395
ETTh2,720,0.3835274279117584,0.0019621529436148087,0.42502907911936444,0.0013000049784933074,0.39,0.43
ETTm1,96,0.28515271345774335,0.002542328802283453,0.32369425892829895,0.000927441038527015,0.281,0.322
ETTm1,192,0.3270237445831299,0.0007986560055753926,0.35449161132176715,0.0006952084809665964,0.322,0.353
ETTm1,336,0.353349894285202,0.006001874223421039,0.3796238402525584,0.0019249522682477061,0.356,0.379
ETTm1,720,0.3901015023390452,0.0017682887429003404,0.414672056833903,0.0010755851307056585,0.391,0.413
ETTm2,96,0.166901762286822,0.0007636857827009301,0.2550469636917114,0.0010976906586885745,0.169,0.256
ETTm2,192,0.22558698058128357,0.008711904309678045,0.2949948012828827,0.007054728557458631,0.225,0.294
ETTm2,336,0.2779865662256877,0.006079284082540173,0.3352475166320801,0.004008945108728238,0.278,0.334
ETTm2,720,0.37423592805862427,0.004410955134343617,0.3955353299776713,0.001463125774931901,0.372,0.392
Illness,24,1.9861208200454712,0.0016214853918668593,0.9235438108444214,0.0004212732198883958,2.034,0.937
Illness,36,1.86004638671875,0.004815882357180972,0.8887129426002502,0.001685825779597727,1.866,0.888
Illness,48,1.7896056572596233,0.00036490618443253757,0.8726969758669535,0.0001545026589994148,1.784,0.87
Illness,60,1.8752466440200806,0.00040123155178333636,0.8990926543871561,0.00019514240584333565,1.91,0.912
Weather,96,0.14371414482593536,0.0005577284630379401,0.19220409790674844,0.0010178920064442423,0.142,0.192
Weather,192,0.19210452834765115,0.0008157428622893398,0.23912258942921957,0.0013167491729613474,0.191,0.238
Weather,336,0.24781206250190735,0.003449172029484879,0.2838825186093648,0.0027466396737456274,0.246,0.282
Weather,720,0.3244928816954295,0.0031925677968424916,0.33523981769879657,0.0019708746385595894,0.328,0.337
Traffic,96,0.34373775124549866,0.0007132352707009543,0.23627055684725443,0.0003460230213908981,0.344,0.236
Traffic,192,0.37183889746665955,0.0016951490919132545,0.2492558459440867,0.00042336407327333143,0.372,0.249
Traffic,336,0.3837786217530568,0.0008042779032936504,0.25788211822509766,0.000592528022174829,0.383,0.257
Traffic,720,0.4204584062099457,0.002136053349839239,0.27956170837084454,0.0017067506140312108,0.422,0.28
Electricity,96,0.12551744282245636,0.00039579200672619925,0.2172982543706894,0.0008876551617149739,0.126,0.218
Electricity,192,0.14491575956344604,0.0002432059283797498,0.23823314905166626,0.0011042568861359611,0.144,0.237
Electricity,336,0.16076385974884033,0.000855067112153013,0.2549881438414256,0.0007078634622886248,0.162,0.256
Electricity,720,0.19459311167399088,0.0007223499591532138,0.2878646155198415,0.0004025544395045276,0.192,0.286
