dataset,pred,seed,job,mae,mse,rmse,best_valid_loss,best_valid_epoch
ETTh1,96,2021,ETTh1_96_seed2021,0.3768464922904968,0.34744012355804443,0.5894405245780945,0.6438385403725982,1.0
ETTh1,96,2022,ETTh1_96_seed2022,0.3759533166885376,0.3464500308036804,0.5886000394821167,0.6401130665181243,1.0
ETTh1,96,2023,ETTh1_96_seed2023,0.37594494223594666,0.34608694911003113,0.5882915258407593,0.6398879327844981,1.0
ETTh1,192,2021,ETTh1_192_seed2021,0.4003775715827942,0.38549375534057617,0.6208814382553101,0.9275382117810993,1.0
ETTh1,192,2022,ETTh1_192_seed2022,0.39948710799217224,0.3832252025604248,0.6190518736839294,0.9267450554995035,1.0
ETTh1,192,2023,ETTh1_192_seed2023,0.39868634939193726,0.38290300965309143,0.6187915802001953,0.921635548556604,1.0
ETTh1,336,2021,ETTh1_336_seed2021,0.4161790907382965,0.40655839443206787,0.6376193165779114,1.1592381467528994,1.0
ETTh1,336,2022,ETTh1_336_seed2022,0.41681769490242004,0.40941572189331055,0.6398560404777527,1.1647635630374142,1.0
ETTh1,336,2023,ETTh1_336_seed2023,0.41517874598503113,0.40815064311027527,0.638866662979126,1.1688891770907466,1.0
ETTh1,720,2021,ETTh1_720_seed2021,0.44175195693969727,0.43681803345680237,0.660922110080719,1.450647442491965,1.0
ETTh1,720,2022,ETTh1_720_seed2022,0.4440388083457947,0.4405474364757538,0.6637374758720398,1.445029473386181,1.0
ETTh1,720,2023,ETTh1_720_seed2023,0.43958860635757446,0.43083539605140686,0.6563805341720581,1.4407959091970965,1.0
ETTh2,96,2021,ETTh2_96_seed2021,0.32940933108329773,0.26963549852371216,0.5192644000053406,0.22083802201599712,1.0
ETTh2,96,2022,ETTh2_96_seed2022,0.3273617923259735,0.26857367157936096,0.5182409286499023,0.21552406901975693,1.0
ETTh2,96,2023,ETTh2_96_seed2023,0.3285598158836365,0.26854807138442993,0.5182162523269653,0.21690612594684067,1.0
ETTh2,192,2021,ETTh2_192_seed2021,0.3762674927711487,0.3324255049228668,0.5765635371208191,0.30756065548210426,1.0
ETTh2,192,2022,ETTh2_192_seed2022,0.37831875681877136,0.3356940448284149,0.5793911218643188,0.3020435100799222,1.0
ETTh2,192,2023,ETTh2_192_seed2023,0.3813319206237793,0.3397817313671112,0.5829079747200012,0.2952678930166434,1.0
ETTh2,336,2021,ETTh2_336_seed2021,0.3985902965068817,0.35398921370506287,0.5949699282646179,0.4328213206213539,1.0
ETTh2,336,2022,ETTh2_336_seed2022,0.39764395356178284,0.3530617356300354,0.5941900014877319,0.43033853057277677,1.0
ETTh2,336,2023,ETTh2_336_seed2023,0.3999505043029785,0.35578030347824097,0.596473217010498,0.4328124701443845,1.0
ETTh2,720,2021,ETTh2_720_seed2021,0.42356714606285095,0.38139450550079346,0.6175714731216431,0.6295638422211115,1.0
ETTh2,720,2022,ETTh2_720_seed2022,0.4254649579524994,0.38393205404281616,0.619622528553009,0.6223243220062613,1.0
ETTh2,720,2023,ETTh2_720_seed2023,0.4260551333427429,0.38525572419166565,0.6206896901130676,0.6140952838629752,1.0
ETTm1,96,2021,ETTm1_96_seed2021,0.3229347765445709,0.2832735478878021,0.5322344899177551,0.35104927392903745,1.0
ETTm1,96,2022,ETTm1_96_seed2022,0.32342013716697693,0.28413909673690796,0.5330470204353333,0.34718868602622704,1.0
ETTm1,96,2023,ETTm1_96_seed2023,0.324727863073349,0.2880454957485199,0.5366986989974976,0.3499155571108698,1.0
ETTm1,192,2021,ETTm1_192_seed2021,0.3552905321121216,0.32713618874549866,0.5719581842422485,0.49109297648241795,1.0
ETTm1,192,2022,ETTm1_192_seed2022,0.35416004061698914,0.3277602195739746,0.5725034475326538,0.47594110271715423,1.0
ETTm1,192,2023,ETTm1_192_seed2023,0.3540242612361908,0.3261748254299164,0.5711171627044678,0.47369826503364176,1.0
ETTm1,336,2021,ETTm1_336_seed2021,0.3817652761936188,0.35902950167655945,0.5991907119750977,0.701998739619077,1.0
ETTm1,336,2022,ETTm1_336_seed2022,0.3790690004825592,0.3539494276046753,0.5949364900588989,0.6707358210780365,1.0
ETTm1,336,2023,ETTm1_336_seed2023,0.3780372440814972,0.34707075357437134,0.5891271233558655,0.667133149590895,1.0
ETTm1,720,2021,ETTm1_720_seed2021,0.41577470302581787,0.3920411467552185,0.6261318922042847,1.0002039603916746,1.0
ETTm1,720,2022,ETTm1_720_seed2022,0.4146157205104828,0.38968411087989807,0.6242468357086182,0.9888140593960703,1.0
ETTm1,720,2023,ETTm1_720_seed2023,0.4136257469654083,0.38857924938201904,0.6233612298965454,0.9920777167818547,1.0
ETTm2,96,2021,ETTm2_96_seed2021,0.25540876388549805,0.16750384867191315,0.40927234292030334,0.12160261225921482,1.0
ETTm2,96,2022,ETTm2_96_seed2022,0.25381404161453247,0.1660427451133728,0.40748342871665955,0.12148732039783601,1.0
ETTm2,96,2023,ETTm2_96_seed2023,0.25591808557510376,0.16715869307518005,0.40885046124458313,0.12652182443596316,1.0
ETTm2,192,2021,ETTm2_192_seed2021,0.29210129380226135,0.22219505906105042,0.4713757038116455,0.16738046701332174,1.0
ETTm2,192,2022,ETTm2_192_seed2022,0.30303624272346497,0.23548467457294464,0.48526763916015625,0.16869500397215828,1.0
ETTm2,192,2023,ETTm2_192_seed2023,0.28984686732292175,0.21908120810985565,0.4680611193180084,0.1644473327544618,1.0
ETTm2,336,2021,ETTm2_336_seed2021,0.33980801701545715,0.2849220633506775,0.5337809324264526,0.21509074069185571,1.0
ETTm2,336,2022,ETTm2_336_seed2022,0.3322795033454895,0.27357974648475647,0.5230485200881958,0.20753604147330765,1.0
ETTm2,336,2023,ETTm2_336_seed2023,0.3336550295352936,0.27545788884162903,0.5248408317565918,0.20680371767358632,1.0
ETTm2,720,2021,ETTm2_720_seed2021,0.3943851888179779,0.3702132999897003,0.6084515452384949,0.2950385294731078,1.0
ETTm2,720,2022,ETTm2_720_seed2022,0.3950386643409729,0.37354162335395813,0.6111805438995361,0.29456295021763906,1.0
ETTm2,720,2023,ETTm2_720_seed2023,0.3971821367740631,0.37895286083221436,0.6155914664268494,0.29252278738400134,1.0
Illness,24,2021,illness_24_seed2021,0.9232434034347534,1.9856102466583252,1.4091168642044067,0.25025455801336616,8.0
Illness,24,2022,illness_24_seed2022,0.9240253567695618,1.9879361391067505,1.4099419116973877,0.25038793433740486,14.0
Illness,24,2023,illness_24_seed2023,0.923362672328949,1.984816074371338,1.4088350534439087,0.25074444375596605,14.0
Illness,36,2021,illness_36_seed2021,0.8867664337158203,1.8544949293136597,1.3617984056472778,0.2127154809782826,4.0
Illness,36,2022,illness_36_seed2022,0.8896678686141968,1.8625415563583374,1.3647496700286865,0.21240440638200844,3.0
Illness,36,2023,illness_36_seed2023,0.8897045254707336,1.863102674484253,1.364955186843872,0.21165676478294612,3.0
Illness,48,2021,illness_48_seed2021,0.8728682398796082,1.7899912595748901,1.3379055261611938,0.20289831978934153,3.0
Illness,48,2022,illness_48_seed2022,0.8725680708885193,1.789265751838684,1.3376344442367554,0.20243198939732143,3.0
Illness,48,2023,illness_48_seed2023,0.8726546168327332,1.7895599603652954,1.3377443552017212,0.20297033400762649,3.0
Illness,60,2021,illness_60_seed2021,0.8990325927734375,1.8748620748519897,1.3692560195922852,0.22926897895067258,4.0
Illness,60,2022,illness_60_seed2022,0.8993107676506042,1.8752151727676392,1.369385004043579,0.22910693940662202,4.0
Illness,60,2023,illness_60_seed2023,0.8989346027374268,1.8756626844406128,1.3695483207702637,0.2292310891593608,4.0
Weather,96,2021,Weather_96_seed2021,0.19301669299602509,0.14431872963905334,0.37989306449890137,0.37900346016355496,1.0
Weather,96,2022,Weather_96_seed2022,0.19106236100196838,0.14360399544239044,0.37895119190216064,0.37810046525722213,1.0
Weather,96,2023,Weather_96_seed2023,0.1925332397222519,0.1432197093963623,0.37844380736351013,0.37693110850149664,1.0
Weather,192,2021,Weather_192_seed2021,0.24045807123184204,0.19298622012138367,0.4393019676208496,0.4410625719053452,1.0
Weather,192,2022,Weather_192_seed2022,0.23908428847789764,0.1919507384300232,0.43812182545661926,0.44262885572280114,1.0
Weather,192,2023,Weather_192_seed2023,0.237825408577919,0.19137662649154663,0.4374661445617676,0.44045184840697077,1.0
Weather,336,2021,Weather_336_seed2021,0.28445884585380554,0.24805288016796112,0.4980490803718567,0.516463728891234,1.0
Weather,336,2022,Weather_336_seed2022,0.2862952649593353,0.2511345148086548,0.5011332035064697,0.5225367921425644,1.0
Weather,336,2023,Weather_336_seed2023,0.2808934450149536,0.24424879252910614,0.49421533942222595,0.514795368798957,1.0
Weather,720,2021,Weather_720_seed2021,0.33528420329093933,0.32445621490478516,0.569610595703125,0.6149808799923526,1.0
Weather,720,2022,Weather_720_seed2022,0.3332471251487732,0.3213188052177429,0.5668498873710632,0.6156663723669409,1.0
Weather,720,2023,Weather_720_seed2023,0.33718812465667725,0.3277036249637604,0.572454035282135,0.6130160932291903,1.0
Traffic,96,2021,Traffic_96_seed2021,0.2365741729736328,0.34417736530303955,0.5866662859916687,0.30232329539579444,1.0
Traffic,96,2022,Traffic_96_seed2022,0.23634368181228638,0.3429148197174072,0.5855892896652222,0.30188823062496,1.0
Traffic,96,2023,Traffic_96_seed2023,0.23589381575584412,0.3441210687160492,0.5866183042526245,0.3033626787496119,1.0
Traffic,192,2021,Traffic_192_seed2021,0.24973641335964203,0.3736618161201477,0.6112788319587708,0.3123632029779609,1.0
Traffic,192,2022,Traffic_192_seed2022,0.2489379197359085,0.370309978723526,0.6085309982299805,0.3138885872551894,1.0
Traffic,192,2023,Traffic_192_seed2023,0.2490932047367096,0.37154489755630493,0.6095448136329651,0.3142598637868638,1.0
Traffic,336,2021,Traffic_336_seed2021,0.25722211599349976,0.38293737173080444,0.6188193559646606,0.328846507187499,1.0
Traffic,336,2022,Traffic_336_seed2022,0.2580559551715851,0.38453996181488037,0.6201128363609314,0.32926659552097637,1.0
Traffic,336,2023,Traffic_336_seed2023,0.25836828351020813,0.3838585317134857,0.6195631623268127,0.3279995911852932,1.0
Traffic,720,2021,Traffic_720_seed2021,0.28031599521636963,0.4211984872817993,0.6489980816841125,0.3864401005726459,1.0
Traffic,720,2022,Traffic_720_seed2022,0.28076136112213135,0.42212599515914917,0.6497122645378113,0.3865649266450065,1.0
Traffic,720,2023,Traffic_720_seed2023,0.2776077687740326,0.41805073618888855,0.6465684175491333,0.3880045103695938,1.0
Electricity,96,2021,Electricity_96_seed2021,0.21679048240184784,0.12593606114387512,0.35487470030784607,0.10576147374488261,1.0
Electricity,96,2022,Electricity_96_seed2022,0.218323215842247,0.1254669427871704,0.3542131185531616,0.10564352788015856,1.0
Electricity,96,2023,Electricity_96_seed2023,0.21678106486797333,0.12514932453632355,0.35376450419425964,0.1053492324746891,1.0
Electricity,192,2021,Electricity_192_seed2021,0.23698879778385162,0.14463560283184052,0.3803098797798157,0.1204945478995332,1.0
Electricity,192,2022,Electricity_192_seed2022,0.23909631371498108,0.14507266879081726,0.380884051322937,0.1207152464682714,1.0
Electricity,192,2023,Electricity_192_seed2023,0.23861433565616608,0.14503900706768036,0.38083988428115845,0.12091183689119815,1.0
Electricity,336,2021,Electricity_336_seed2021,0.2543535530567169,0.16015787422657013,0.400197297334671,0.13708683078814574,1.0
Electricity,336,2022,Electricity_336_seed2022,0.2548592984676361,0.16039177775382996,0.4004894196987152,0.1381359355382506,1.0
Electricity,336,2023,Electricity_336_seed2023,0.2557515799999237,0.1617419272661209,0.4021715223789215,0.1385107288672859,1.0
Electricity,720,2021,Electricity_720_seed2021,0.2874021530151367,0.19435593485832214,0.4408581852912903,0.17195712578241665,1.0
Electricity,720,2022,Electricity_720_seed2022,0.28805527091026306,0.1940191686153412,0.44047605991363525,0.173051302060645,1.0
Electricity,720,2023,Electricity_720_seed2023,0.28813642263412476,0.19540423154830933,0.44204550981521606,0.17302183722705597,1.0
