config,domain,n_vars,std_mse,std_mae,n_std_undefined
P1_fixed,CropsAndStaples,11,1.492873532143024,0.7686881603801972,0
P1_fixed,Currency,10,1.0224172662050695,0.7122751469110077,0
P1_fixed,EnergyAndFuels,10,2.632502863858803,0.987015943028633,0
P1_fixed,LivestockAndFoodProducts,10,1.654926004744483,0.7576137474820428,0
P1_fixed,RawMaterialsAndConstruction,10,1.5851672609816156,0.7902975501194887,0
P1_fixed,SpecialtyAndAdvancedMaterials,8,1.955180474624415,0.6614345396109047,0
P1_fixed,StrategicAndHighValueMaterials,10,2.834880588730321,0.7577536945645399,0
P1_fixed,arts,10,2.733139529995275,1.056117350174338,0
P1_fixed,climate,10,6.222751745580205,1.2064518127773043,0
P1_fixed,economy,10,3.0788649575626463,1.2208584507325744,0
P1_fixed,electronic_technology,10,3.694049789451131,1.1319125442032232,0
P1_fixed,finance,10,3.754785258655903,1.3099151258008284,0
P1_fixed,pets,10,4.145172076614605,1.3793433822324526,0
P1_fixed,public_health,10,3.292705855333628,1.2619160565218586,0
P1_fixed,public_policy,11,4.14810560444705,1.4670558414045645,0
P1_fixed,science,10,7.879252752510963,1.0667595226246,0
P1_fixed,shopping,10,1.4229706082931612,0.7321480998760608,0
P1_fixed,society,10,3.1031183230591077,1.2248636785728286,0
P1_fixed,traffic,10,5.18671876395562,1.3068465702188796,0
selected,CropsAndStaples,11,1.4650680372450717,0.75744021775795,0
selected,Currency,10,1.003792520269517,0.6996057399054126,0
selected,EnergyAndFuels,10,2.785204969281192,0.9959011373114525,0
selected,LivestockAndFoodProducts,10,1.7594899703620825,0.7871813619323624,0
selected,RawMaterialsAndConstruction,10,1.633182440312971,0.8206513537227798,0
selected,SpecialtyAndAdvancedMaterials,8,2.0435624979678195,0.6774534064322203,0
selected,StrategicAndHighValueMaterials,10,3.044208504440422,0.8213062156699131,0
selected,arts,10,2.9217757682341934,1.0979392666261136,0
selected,climate,10,6.234265574280117,1.1674453581175404,0
selected,economy,10,3.1454252335870496,1.1889636530512857,0
selected,electronic_technology,10,5.3190805537557635,1.4282237291822295,0
selected,finance,10,3.754785258655903,1.3099151258008284,0
selected,pets,10,4.9152381917738115,1.4708762116270617,0
selected,public_health,10,3.4314363241723904,1.301146984231344,0
selected,public_policy,11,4.645182282917166,1.5278935916173773,0
selected,science,10,7.986507860670391,1.0909639900247474,0
selected,shopping,10,1.3281984120703876,0.6715738591499376,0
selected,society,10,3.168685166350982,1.2401544005485063,0
selected,traffic,10,5.2265156145942555,1.3227149926805974,0
