record_type,dataset,pred_len,mse_repro,mae_repro,mse_paper,mae_paper
setting,ETTh1,96,0.3527,0.3833,0.353,0.383
setting,ETTh1,192,0.3919,0.4098,0.392,0.41
setting,ETTh1,336,0.4071,0.4225,0.407,0.423
setting,ETTh1,720,0.4062,0.4410,0.406,0.441
setting,ETTh2,96,0.2715,0.3284,0.271,0.328
setting,ETTh2,192,0.3283,0.3668,0.328,0.367
setting,ETTh2,336,0.3450,0.3814,0.345,0.381
setting,ETTh2,720,0.3878,0.4218,0.388,0.422
setting,ETTm1,96,0.3411,0.3468,0.341,0.347
setting,ETTm1,192,0.3598,0.3603,0.36,0.36
setting,ETTm1,336,0.3768,0.3739,0.377,0.374
setting,ETTm1,720,0.4164,0.4054,0.416,0.405
setting,ETTm2,96,0.2279,0.2824,0.228,0.282
setting,ETTm2,192,0.2615,0.3047,0.262,0.305
setting,ETTm2,336,0.2931,0.3282,0.293,0.328
setting,ETTm2,720,0.3432,0.3700,0.343,0.37
setting,Weather,96,0.2200,0.2568,0.22,0.257
setting,Weather,192,0.2442,0.2745,0.244,0.275
setting,Weather,336,0.2799,0.2994,0.28,0.299
setting,Weather,720,0.3295,0.3375,0.33,0.337
setting,Electricity,96,0.1772,0.2659,0.177,0.266
setting,Electricity,192,0.1882,0.2769,0.188,0.277
setting,Electricity,336,0.2072,0.2959,0.207,0.296
setting,Electricity,720,0.2558,0.3372,0.256,0.337
dataset_avg,ETTh1,avg,0.3895,0.4141,0.39,0.414
dataset_avg,ETTh2,avg,0.3331,0.3746,0.333,0.375
dataset_avg,ETTm1,avg,0.3735,0.3716,0.374,0.372
dataset_avg,ETTm2,avg,0.2814,0.3213,0.282,0.321
dataset_avg,Weather,avg,0.2684,0.2921,0.269,0.292
dataset_avg,Electricity,avg,0.2071,0.2940,0.207,0.294
overall_avg,ALL,avg,0.3088,0.3446,,
